100,"Excision of Lesion of Lip ",Dental,1.0,27193000,45474017,"Excision of lesion of lip by wide excision",,,,,,,,,,,,,,,,,,,,,,,,,,,,,,,,,,
100,"Excision of Lesion of Lip ",Dental,1.0,29828005,49912013,"Excision of lesion of lip",,,,,,,,,,,,,,,,,,,,,,,,,,,,,,,,,,
100,"Biopsy of Lesion of Lip",Dental,1.0,173270001,268258016,"Biopsy of lesion of lip",,,,,,,,,,,,,,,,,,,,,,,,,,,,,,,,,,
100,"Biopsy of Lesion of Lip",Dental,1.0,282367003,420664018,"Incisional biopsy of lesion of lip",,,,,,,,,,,,,,,,,,,,,,,,,,,,,,,,,,
100,"Biopsy of Lesion of Lip",Dental,1.0,282368008,420665017,"Excisional biopsy of lesion of lip",,,,,,,,,,,,,,,,,,,,,,,,,,,,,,,,,,
100,"Reimplantation Of Tooth",Dental,1.0,75379002,502997013,"Tooth reimplantation and/or stabilisation of accidentally evulsed or displaced tooth and/or alveolus",125194013,"Tooth reimplantation and/or stabilization of accidentally evulsed or displaced tooth and/or alveolus",,,,,,,,,,,,,,,,,,,,,,,,,,,,,,,,
100,"Reimplantation Of Tooth",Dental,1.0,75379002,502997013,"Tooth reimplantation and/or stabilisation of accidentally evulsed or displaced tooth and/or alveolus",125194013,"Tooth reimplantation and/or stabilization of accidentally evulsed or displaced tooth and/or alveolus",,,,,,,,,,,,,,,,,,,,,,,,,,,,,,,,
100,"Reimplantation Of Tooth",Dental,1.0,173280002,268272013,"Replantation of tooth",268274014,"Reimplantation of avulsed tooth",268275010,"Tooth reimplantation",268276011,"Reimplantation of knocked out tooth",268273015,"Replacement of knocked out tooth",268277019,"Replantation of avulsed tooth",,,,,,,,,,,,,,,,,,,,,,,,
100,"Reimplantation Of Tooth",Dental,1.0,173280002,268272013,"Replantation of tooth",268274014,"Reimplantation of avulsed tooth",268275010,"Tooth reimplantation",268276011,"Reimplantation of knocked out tooth",268273015,"Replacement of knocked out tooth",268277019,"Replantation of avulsed tooth",,,,,,,,,,,,,,,,,,,,,,,,
80,"Surgical Removal Of Impacted Wisdom Tooth",Dental,1.0,173285007,268290014,"Surgical removal of impacted third molar tooth",268287015,"Surgical removal of impacted 8",268289017,"Surgical removal of impacted wisdom tooth",268288013,"Extraction of impacted wisdom tooth",,,,,,,,,,,,,,,,,,,,,,,,,,,,
100,"Surgical Removal Of Impacted Wisdom Tooth",Dental,1.0,173285007,268290014,"Surgical removal of impacted third molar tooth",268287015,"Surgical removal of impacted 8",268289017,"Surgical removal of impacted wisdom tooth",268288013,"Extraction of impacted wisdom tooth",,,,,,,,,,,,,,,,,,,,,,,,,,,,
80,"Surgical Removal Of Impacted Wisdom Tooth",Dental,1.0,234674000,351626013,"Surgical removal of impacted permanent canine tooth",351627016,"Surgical removal of impacted 3",,,,,,,,,,,,,,,,,,,,,,,,,,,,,,,,
80,"Surgical Removal Of Impacted Wisdom Tooth",Dental,1.0,301067005,442299012,"Surgical removal of third molar tooth",442298016,"Surgical removal of wisdom tooth",,,,,,,,,,,,,,,,,,,,,,,,,,,,,,,,
80,"Surgical Removal Of Impacted Wisdom Tooth",Dental,1.0,234673006,351625012,"Surgical removal of impacted tooth",,,,,,,,,,,,,,,,,,,,,,,,,,,,,,,,,,
80,"Surgical Removal Of Impacted Wisdom Tooth",Dental,1.0,234671008,351620019,"Surgical removal of non-impacted third molar tooth",351622010,"Surgical removal of non-impacted 8",351621015,"Surgical removal of non-impacted wisdom tooth",,,,,,,,,,,,,,,,,,,,,,,,,,,,,,
100,"Surgical Removal Of Impacted Tooth ",Dental,1.0,173285007,268290014,"Surgical removal of impacted third molar tooth",268287015,"Surgical removal of impacted 8",268289017,"Surgical removal of impacted wisdom tooth",268288013,"Extraction of impacted wisdom tooth",,,,,,,,,,,,,,,,,,,,,,,,,,,,
75,"Surgical Removal Of Impacted Tooth ",Dental,1.0,173285007,268290014,"Surgical removal of impacted third molar tooth",268287015,"Surgical removal of impacted 8",268289017,"Surgical removal of impacted wisdom tooth",268288013,"Extraction of impacted wisdom tooth",,,,,,,,,,,,,,,,,,,,,,,,,,,,
100,"Surgical Removal Of Impacted Tooth ",Dental,1.0,173285007,268290014,"Surgical removal of impacted third molar tooth",268287015,"Surgical removal of impacted 8",268289017,"Surgical removal of impacted wisdom tooth",268288013,"Extraction of impacted wisdom tooth",,,,,,,,,,,,,,,,,,,,,,,,,,,,
75,"Surgical Removal Of Impacted Tooth ",Dental,1.0,68381003,113583017,"Surgical removal of erupted tooth requiring elevation of mucoperiosteal flap and removal of bone and/or section of tooth",,,,,,,,,,,,,,,,,,,,,,,,,,,,,,,,,,
75,"Surgical Removal Of Impacted Tooth ",Dental,1.0,6130009,11185013,"Surgical exposure of impacted or unerupted tooth to aid eruption",,,,,,,,,,,,,,,,,,,,,,,,,,,,,,,,,,
75,"Surgical Removal Of Impacted Tooth ",Dental,1.0,52355007,87128014,"Surgical exposure of impacted or unerupted tooth for orthodontic reason",,,,,,,,,,,,,,,,,,,,,,,,,,,,,,,,,,
100,"Surgical Removal Of Impacted Tooth ",Dental,1.0,234674000,351626013,"Surgical removal of impacted permanent canine tooth",351627016,"Surgical removal of impacted 3",,,,,,,,,,,,,,,,,,,,,,,,,,,,,,,,
75,"Surgical Removal Of Impacted Tooth ",Dental,1.0,234674000,351626013,"Surgical removal of impacted permanent canine tooth",351627016,"Surgical removal of impacted 3",,,,,,,,,,,,,,,,,,,,,,,,,,,,,,,,
75,"Surgical Removal Of Impacted Tooth ",Dental,1.0,65942005,109521017,"Removal of impacted tooth from maxillary sinus",,,,,,,,,,,,,,,,,,,,,,,,,,,,,,,,,,
75,"Surgical Removal Of Impacted Tooth ",Dental,1.0,234670009,351619013,"Surgical removal of non-impacted tooth",,,,,,,,,,,,,,,,,,,,,,,,,,,,,,,,,,
75,"Surgical Removal Of Impacted Tooth ",Dental,1.0,301067005,442299012,"Surgical removal of third molar tooth",442298016,"Surgical removal of wisdom tooth",,,,,,,,,,,,,,,,,,,,,,,,,,,,,,,,
75,"Surgical Removal Of Impacted Tooth ",Dental,1.0,301067005,442299012,"Surgical removal of third molar tooth",442298016,"Surgical removal of wisdom tooth",,,,,,,,,,,,,,,,,,,,,,,,,,,,,,,,
100,"Surgical Removal Of Impacted Tooth ",Dental,1.0,234673006,351625012,"Surgical removal of impacted tooth",,,,,,,,,,,,,,,,,,,,,,,,,,,,,,,,,,
75,"Surgical Removal Of Impacted Tooth ",Dental,1.0,64584004,107330019,"Removal of impacted tooth, completely bony, with unusual surgical complications",,,,,,,,,,,,,,,,,,,,,,,,,,,,,,,,,,
75,"Surgical Removal Of Impacted Tooth ",Dental,1.0,234672001,351624011,"Surgical removal of non-impacted permanent canine tooth",351623017,"Surgical removal of non-impacted 3",,,,,,,,,,,,,,,,,,,,,,,,,,,,,,,,
75,"Surgical Removal Of Impacted Tooth ",Dental,1.0,446117002,2883992019,"Surgical exposure of impacted tooth",,,,,,,,,,,,,,,,,,,,,,,,,,,,,,,,,,
75,"Surgical Removal Of Impacted Tooth ",Dental,1.0,307108005,450288012,"Surgical extraction of impacted supernumerary tooth",,,,,,,,,,,,,,,,,,,,,,,,,,,,,,,,,,
75,"Surgical Removal Of Impacted Tooth ",Dental,1.0,58401002,97057013,"Surgical removal of residual tooth roots",1231833010,"Surgical removal of retained root of tooth",,,,,,,,,,,,,,,,,,,,,,,,,,,,,,,,
75,"Surgical Removal Of Impacted Tooth ",Dental,1.0,58401002,97057013,"Surgical removal of residual tooth roots",1231833010,"Surgical removal of retained root of tooth",,,,,,,,,,,,,,,,,,,,,,,,,,,,,,,,
75,"Surgical Removal Of Impacted Tooth ",Dental,1.0,234671008,351620019,"Surgical removal of non-impacted third molar tooth",351622010,"Surgical removal of non-impacted 8",351621015,"Surgical removal of non-impacted wisdom tooth",,,,,,,,,,,,,,,,,,,,,,,,,,,,,,
75,"Surgical Removal Of Impacted Tooth ",Dental,1.0,234671008,351620019,"Surgical removal of non-impacted third molar tooth",351622010,"Surgical removal of non-impacted 8",351621015,"Surgical removal of non-impacted wisdom tooth",,,,,,,,,,,,,,,,,,,,,,,,,,,,,,
75,"Surgical Removal Of Wisdom Tooth ",Dental,1.0,173285007,268290014,"Surgical removal of impacted third molar tooth",268287015,"Surgical removal of impacted 8",268289017,"Surgical removal of impacted wisdom tooth",268288013,"Extraction of impacted wisdom tooth",,,,,,,,,,,,,,,,,,,,,,,,,,,,
100,"Surgical Removal Of Wisdom Tooth ",Dental,1.0,173285007,268290014,"Surgical removal of impacted third molar tooth",268287015,"Surgical removal of impacted 8",268289017,"Surgical removal of impacted wisdom tooth",268288013,"Extraction of impacted wisdom tooth",,,,,,,,,,,,,,,,,,,,,,,,,,,,
75,"Surgical Removal Of Wisdom Tooth ",Dental,1.0,68381003,113583017,"Surgical removal of erupted tooth requiring elevation of mucoperiosteal flap and removal of bone and/or section of tooth",,,,,,,,,,,,,,,,,,,,,,,,,,,,,,,,,,
75,"Surgical Removal Of Wisdom Tooth ",Dental,1.0,234674000,351626013,"Surgical removal of impacted permanent canine tooth",351627016,"Surgical removal of impacted 3",,,,,,,,,,,,,,,,,,,,,,,,,,,,,,,,
75,"Surgical Removal Of Wisdom Tooth ",Dental,1.0,234670009,351619013,"Surgical removal of non-impacted tooth",,,,,,,,,,,,,,,,,,,,,,,,,,,,,,,,,,
75,"Surgical Removal Of Wisdom Tooth ",Dental,1.0,301067005,442299012,"Surgical removal of third molar tooth",442298016,"Surgical removal of wisdom tooth",,,,,,,,,,,,,,,,,,,,,,,,,,,,,,,,
100,"Surgical Removal Of Wisdom Tooth ",Dental,1.0,301067005,442299012,"Surgical removal of third molar tooth",442298016,"Surgical removal of wisdom tooth",,,,,,,,,,,,,,,,,,,,,,,,,,,,,,,,
75,"Surgical Removal Of Wisdom Tooth ",Dental,1.0,234673006,351625012,"Surgical removal of impacted tooth",,,,,,,,,,,,,,,,,,,,,,,,,,,,,,,,,,
75,"Surgical Removal Of Wisdom Tooth ",Dental,1.0,234672001,351624011,"Surgical removal of non-impacted permanent canine tooth",351623017,"Surgical removal of non-impacted 3",,,,,,,,,,,,,,,,,,,,,,,,,,,,,,,,
75,"Surgical Removal Of Wisdom Tooth ",Dental,1.0,58401002,97057013,"Surgical removal of residual tooth roots",1231833010,"Surgical removal of retained root of tooth",,,,,,,,,,,,,,,,,,,,,,,,,,,,,,,,
75,"Surgical Removal Of Wisdom Tooth ",Dental,1.0,58401002,97057013,"Surgical removal of residual tooth roots",1231833010,"Surgical removal of retained root of tooth",,,,,,,,,,,,,,,,,,,,,,,,,,,,,,,,
75,"Surgical Removal Of Wisdom Tooth ",Dental,1.0,234671008,351620019,"Surgical removal of non-impacted third molar tooth",351622010,"Surgical removal of non-impacted 8",351621015,"Surgical removal of non-impacted wisdom tooth",,,,,,,,,,,,,,,,,,,,,,,,,,,,,,
100,"Surgical Removal Of Wisdom Tooth ",Dental,1.0,234671008,351620019,"Surgical removal of non-impacted third molar tooth",351622010,"Surgical removal of non-impacted 8",351621015,"Surgical removal of non-impacted wisdom tooth",,,,,,,,,,,,,,,,,,,,,,,,,,,,,,
75,"Surgical Removal of Tooth Teeth",Dental,1.0,173285007,268290014,"Surgical removal of impacted third molar tooth",268287015,"Surgical removal of impacted 8",268289017,"Surgical removal of impacted wisdom tooth",268288013,"Extraction of impacted wisdom tooth",,,,,,,,,,,,,,,,,,,,,,,,,,,,
75,"Surgical Removal of Tooth Teeth",Dental,1.0,173285007,268290014,"Surgical removal of impacted third molar tooth",268287015,"Surgical removal of impacted 8",268289017,"Surgical removal of impacted wisdom tooth",268288013,"Extraction of impacted wisdom tooth",,,,,,,,,,,,,,,,,,,,,,,,,,,,
75,"Surgical Removal of Tooth Teeth",Dental,1.0,68381003,113583017,"Surgical removal of erupted tooth requiring elevation of mucoperiosteal flap and removal of bone and/or section of tooth",,,,,,,,,,,,,,,,,,,,,,,,,,,,,,,,,,
75,"Surgical Removal of Tooth Teeth",Dental,1.0,234674000,351626013,"Surgical removal of impacted permanent canine tooth",351627016,"Surgical removal of impacted 3",,,,,,,,,,,,,,,,,,,,,,,,,,,,,,,,
75,"Surgical Removal of Tooth Teeth",Dental,1.0,234670009,351619013,"Surgical removal of non-impacted tooth",,,,,,,,,,,,,,,,,,,,,,,,,,,,,,,,,,
75,"Surgical Removal of Tooth Teeth",Dental,1.0,301067005,442299012,"Surgical removal of third molar tooth",442298016,"Surgical removal of wisdom tooth",,,,,,,,,,,,,,,,,,,,,,,,,,,,,,,,
75,"Surgical Removal of Tooth Teeth",Dental,1.0,301067005,442299012,"Surgical removal of third molar tooth",442298016,"Surgical removal of wisdom tooth",,,,,,,,,,,,,,,,,,,,,,,,,,,,,,,,
75,"Surgical Removal of Tooth Teeth",Dental,1.0,234673006,351625012,"Surgical removal of impacted tooth",,,,,,,,,,,,,,,,,,,,,,,,,,,,,,,,,,
75,"Surgical Removal of Tooth Teeth",Dental,1.0,234672001,351624011,"Surgical removal of non-impacted permanent canine tooth",351623017,"Surgical removal of non-impacted 3",,,,,,,,,,,,,,,,,,,,,,,,,,,,,,,,
75,"Surgical Removal of Tooth Teeth",Dental,1.0,58401002,97057013,"Surgical removal of residual tooth roots",1231833010,"Surgical removal of retained root of tooth",,,,,,,,,,,,,,,,,,,,,,,,,,,,,,,,
75,"Surgical Removal of Tooth Teeth",Dental,1.0,58401002,97057013,"Surgical removal of residual tooth roots",1231833010,"Surgical removal of retained root of tooth",,,,,,,,,,,,,,,,,,,,,,,,,,,,,,,,
75,"Surgical Removal of Tooth Teeth",Dental,1.0,234671008,351620019,"Surgical removal of non-impacted third molar tooth",351622010,"Surgical removal of non-impacted 8",351621015,"Surgical removal of non-impacted wisdom tooth",,,,,,,,,,,,,,,,,,,,,,,,,,,,,,
75,"Surgical Removal of Tooth Teeth",Dental,1.0,234671008,351620019,"Surgical removal of non-impacted third molar tooth",351622010,"Surgical removal of non-impacted 8",351621015,"Surgical removal of non-impacted wisdom tooth",,,,,,,,,,,,,,,,,,,,,,,,,,,,,,
100,"Surgical Removal Of Retained Root Of Tooth",Dental,1.0,58401002,97057013,"Surgical removal of residual tooth roots",1231833010,"Surgical removal of retained root of tooth",,,,,,,,,,,,,,,,,,,,,,,,,,,,,,,,
100,"Surgical Removal Of Tooth",Dental,1.0,173285007,268290014,"Surgical removal of impacted third molar tooth",268287015,"Surgical removal of impacted 8",268289017,"Surgical removal of impacted wisdom tooth",268288013,"Extraction of impacted wisdom tooth",,,,,,,,,,,,,,,,,,,,,,,,,,,,
100,"Surgical Removal Of Tooth",Dental,1.0,173285007,268290014,"Surgical removal of impacted third molar tooth",268287015,"Surgical removal of impacted 8",268289017,"Surgical removal of impacted wisdom tooth",268288013,"Extraction of impacted wisdom tooth",,,,,,,,,,,,,,,,,,,,,,,,,,,,
100,"Surgical Removal Of Tooth",Dental,1.0,68381003,113583017,"Surgical removal of erupted tooth requiring elevation of mucoperiosteal flap and removal of bone and/or section of tooth",,,,,,,,,,,,,,,,,,,,,,,,,,,,,,,,,,
100,"Surgical Removal Of Tooth",Dental,1.0,234674000,351626013,"Surgical removal of impacted permanent canine tooth",351627016,"Surgical removal of impacted 3",,,,,,,,,,,,,,,,,,,,,,,,,,,,,,,,
100,"Surgical Removal Of Tooth",Dental,1.0,234670009,351619013,"Surgical removal of non-impacted tooth",,,,,,,,,,,,,,,,,,,,,,,,,,,,,,,,,,
100,"Surgical Removal Of Tooth",Dental,1.0,301067005,442299012,"Surgical removal of third molar tooth",442298016,"Surgical removal of wisdom tooth",,,,,,,,,,,,,,,,,,,,,,,,,,,,,,,,
100,"Surgical Removal Of Tooth",Dental,1.0,301067005,442299012,"Surgical removal of third molar tooth",442298016,"Surgical removal of wisdom tooth",,,,,,,,,,,,,,,,,,,,,,,,,,,,,,,,
100,"Surgical Removal Of Tooth",Dental,1.0,234673006,351625012,"Surgical removal of impacted tooth",,,,,,,,,,,,,,,,,,,,,,,,,,,,,,,,,,
100,"Surgical Removal Of Tooth",Dental,1.0,234672001,351624011,"Surgical removal of non-impacted permanent canine tooth",351623017,"Surgical removal of non-impacted 3",,,,,,,,,,,,,,,,,,,,,,,,,,,,,,,,
100,"Surgical Removal Of Tooth",Dental,1.0,58401002,97057013,"Surgical removal of residual tooth roots",1231833010,"Surgical removal of retained root of tooth",,,,,,,,,,,,,,,,,,,,,,,,,,,,,,,,
100,"Surgical Removal Of Tooth",Dental,1.0,58401002,97057013,"Surgical removal of residual tooth roots",1231833010,"Surgical removal of retained root of tooth",,,,,,,,,,,,,,,,,,,,,,,,,,,,,,,,
100,"Surgical Removal Of Tooth",Dental,1.0,234671008,351620019,"Surgical removal of non-impacted third molar tooth",351622010,"Surgical removal of non-impacted 8",351621015,"Surgical removal of non-impacted wisdom tooth",,,,,,,,,,,,,,,,,,,,,,,,,,,,,,
100,"Surgical Removal Of Tooth",Dental,1.0,234671008,351620019,"Surgical removal of non-impacted third molar tooth",351622010,"Surgical removal of non-impacted 8",351621015,"Surgical removal of non-impacted wisdom tooth",,,,,,,,,,,,,,,,,,,,,,,,,,,,,,
100,"Full Dental Clearance",Dental,1.0,30532008,51094015,"Tooth extraction, complete mouth",1761721000000118,"Full dental clearance",,,,,,,,,,,,,,,,,,,,,,,,,,,,,,,,
100,"Upper Dental Clearance",Dental,1.0,73719007,122423013,"Tooth extraction, complete upper",122424019,"Extraction of all maxillary teeth",1233646011,"Upper dental clearance",,,,,,,,,,,,,,,,,,,,,,,,,,,,,,
100,"Lower Dental Clearance",Dental,1.0,34584009,57709017,"Tooth extraction, complete lower",57710010,"Extraction of all mandibular teeth",1228185013,"Lower dental clearance",,,,,,,,,,,,,,,,,,,,,,,,,,,,,,
100,"Extraction Of Multiple Teeth ",Dental,1.0,404197002,2156094014,"Extraction of multiple deciduous teeth",,,,,,,,,,,,,,,,,,,,,,,,,,,,,,,,,,
100,"Alveoplasty ",Dental,1.0,25325009,42464014,"Dental alveoplasty",,,,,,,,,,,,,,,,,,,,,,,,,,,,,,,,,,
100,"Dental transosseous implant",Dental,1.0,73928000,122774018,"Dental transosseous implant",502568018,"Transosteal implantation into jaw",,,,,,,,,,,,,,,,,,,,,,,,,,,,,,,,
100,"One stage osseointegrated implantation into jaw",Dental,1.0,810411000000105,2114581000000118,"One stage osseointegrated implantation into jaw",,,,,,,,,,,,,,,,,,,,,,,,,,,,,,,,,,
83.3333333333333,"Osseointegrated implantation into jaw, first stage",Dental,1.0,810401000000108,2114561000000110,"Osseointegrated implantation into jaw, second stage",,,,,,,,,,,,,,,,,,,,,,,,,,,,,,,,,,
100,"Osseointegrated implantation into jaw, first stage",Dental,1.0,810391000000105,2114541000000114,"Osseointegrated implantation into jaw, first stage",,,,,,,,,,,,,,,,,,,,,,,,,,,,,,,,,,
100,"Osseointegrated implantation into jaw, second stage",Dental,1.0,810401000000108,2114561000000110,"Osseointegrated implantation into jaw, second stage",,,,,,,,,,,,,,,,,,,,,,,,,,,,,,,,,,
83.3333333333333,"Osseointegrated implantation into jaw, second stage",Dental,1.0,810391000000105,2114541000000114,"Osseointegrated implantation into jaw, first stage",,,,,,,,,,,,,,,,,,,,,,,,,,,,,,,,,,
75,"Root Canal Therapy To Tooth",Dental,1.0,699701005,2985491017,"Obliteration of root canal of tooth due to abnormal mineralisation of tooth pulp",2985425017,"Obliteration of root canal of tooth due to abnormal mineralization of tooth pulp",2985654018,"Mineral obliteration of root canal",,,,,,,,,,,,,,,,,,,,,,,,,,,,,,
75,"Root Canal Therapy To Tooth",Dental,1.0,699701005,2985491017,"Obliteration of root canal of tooth due to abnormal mineralisation of tooth pulp",2985425017,"Obliteration of root canal of tooth due to abnormal mineralization of tooth pulp",2985654018,"Mineral obliteration of root canal",,,,,,,,,,,,,,,,,,,,,,,,,,,,,,
75,"Root Canal Therapy To Tooth",Dental,1.0,245743002,367404011,"Entire root canal of tooth",3328452011,"Entire radicular pulp canal",3328451016,"Entire pulp canal of tooth",,,,,,,,,,,,,,,,,,,,,,,,,,,,,,
75,"Root Canal Therapy To Tooth",Dental,1.0,55670007,92546015,"Endodontic procedure",497350018,"Root canal therapy",497349018,"Pulp therapy",497348014,"Pulp treatment",497352014,"Root canal procedure",497353016,Endodontia,497351019,Endodontics,,,,,,,,,,,,,,,,,,,,,,
75,"Root Canal Therapy To Tooth",Dental,1.0,3262009,485275015,"Structure of root canal of tooth",6508015,"Root canal of tooth",,,,,,,,,,,,,,,,,,,,,,,,,,,,,,,,
75,"Root Canal Therapy To Tooth",Dental,1.0,3262009,485275015,"Structure of root canal of tooth",6508015,"Root canal of tooth",,,,,,,,,,,,,,,,,,,,,,,,,,,,,,,,
100,"Full Restoration Of Crown Of Tooth",Dental,1.0,173308005,268319012,"Full restoration of crown of tooth",,,,,,,,,,,,,,,,,,,,,,,,,,,,,,,,,,
75,"Full Restoration Of Crown Of Tooth",Dental,1.0,173309002,268320018,"Partial restoration of crown of tooth",,,,,,,,,,,,,,,,,,,,,,,,,,,,,,,,,,
75,"Partial Restoration Of Crown Of Tooth",Dental,1.0,173308005,268319012,"Full restoration of crown of tooth",,,,,,,,,,,,,,,,,,,,,,,,,,,,,,,,,,
100,"Partial Restoration Of Crown Of Tooth",Dental,1.0,173309002,268320018,"Partial restoration of crown of tooth",,,,,,,,,,,,,,,,,,,,,,,,,,,,,,,,,,
75,"Restoration Partial Using Inlay",Dental,1.0,80764003,2214061000000115,"Restoration of part of tooth using inlay",504508015,"Cementation of inlay restoration into tooth",504508015,"Cementation of inlay restoration into tooth",504507013,"Fit inlay to tooth",504507013,"Fit inlay to tooth",504509011,"Cement inlay to tooth",504509011,"Cement inlay to tooth",133963019,"Restoration, inlay",133963019,"Restoration, inlay",,,,,,,,,,,,,,,,,,
80,"Restoration Of Part Of Tooth Using Filling ",Dental,1.0,80764003,2214061000000115,"Restoration of part of tooth using inlay",504508015,"Cementation of inlay restoration into tooth",504508015,"Cementation of inlay restoration into tooth",504507013,"Fit inlay to tooth",504507013,"Fit inlay to tooth",504509011,"Cement inlay to tooth",504509011,"Cement inlay to tooth",133963019,"Restoration, inlay",133963019,"Restoration, inlay",,,,,,,,,,,,,,,,,,
100,"Restoration Of Part Of Tooth Using Filling ",Dental,1.0,450573002,2916280010,"Restoration of part of tooth using filling",,,,,,,,,,,,,,,,,,,,,,,,,,,,,,,,,,
100,"Surgical Exposure Of Tooth",Dental,1.0,6130009,11185013,"Surgical exposure of impacted or unerupted tooth to aid eruption",,,,,,,,,,,,,,,,,,,,,,,,,,,,,,,,,,
100,"Surgical Exposure Of Tooth",Dental,1.0,52355007,87128014,"Surgical exposure of impacted or unerupted tooth for orthodontic reason",,,,,,,,,,,,,,,,,,,,,,,,,,,,,,,,,,
100,"Surgical Exposure Of Tooth",Dental,1.0,173317005,268328013,"Surgical exposure of tooth",,,,,,,,,,,,,,,,,,,,,,,,,,,,,,,,,,
100,"Surgical Exposure Of Tooth",Dental,1.0,446117002,2883992019,"Surgical exposure of impacted tooth",,,,,,,,,,,,,,,,,,,,,,,,,,,,,,,,,,
100,"Insertion Of Orthodontic Anchorage",Dental,1.0,760731000000106,1683651000000114,"Insertion of orthodontic anchorage",,,,,,,,,,,,,,,,,,,,,,,,,,,,,,,,,,
75,"Drainage Of Abscess Of Alveolus Of Tooth",Dental,1.0,397791003,1777399011,"Drainage of alveolar tooth abscess",1785962012,"Drainage of apical abscess",1785961017,"Drainage of dentoalveolar tooth abscess",,,,,,,,,,,,,,,,,,,,,,,,,,,,,,
75,"Drainage Of Abscess Of Alveolus Of Tooth",Dental,1.0,397791003,1777399011,"Drainage of alveolar tooth abscess",1785962012,"Drainage of apical abscess",1785961017,"Drainage of dentoalveolar tooth abscess",,,,,,,,,,,,,,,,,,,,,,,,,,,,,,
75,"Drainage Of Abscess Of Alveolus Of Tooth",Dental,1.0,234735001,351738014,"Open drainage of alveolar abscess via tooth",351737016,"Place tooth on open drainage",,,,,,,,,,,,,,,,,,,,,,,,,,,,,,,,
100,"Drainage of dental abscess",Dental,1.0,450526008,2915351012,"Drainage of dental abscess by intraoral approach",,,,,,,,,,,,,,,,,,,,,,,,,,,,,,,,,,
100,"Drainage of dental abscess",Dental,1.0,282043004,420224013,"Drainage of dental abscess",420225014,"Drain tooth abscess",,,,,,,,,,,,,,,,,,,,,,,,,,,,,,,,
100,"Drainage of dental abscess",Dental,1.0,450525007,2916151014,"Drainage of dental abscess by extraoral approach",,,,,,,,,,,,,,,,,,,,,,,,,,,,,,,,,,
75,"Surgical Arrest Socket Bleeding",Dental,1.0,177956008,275461019,"Reopening of abdomen and re-exploration of intra-abdominal operation site and surgical arrest of postoperative bleeding",2164235018,"Reopening of abdomen and reexploration of intra-abdominal operation site and surgical arrest of postoperative bleeding",,,,,,,,,,,,,,,,,,,,,,,,,,,,,,,,
75,"Surgical Arrest Socket Bleeding",Dental,1.0,177956008,275461019,"Reopening of abdomen and re-exploration of intra-abdominal operation site and surgical arrest of postoperative bleeding",2164235018,"Reopening of abdomen and reexploration of intra-abdominal operation site and surgical arrest of postoperative bleeding",,,,,,,,,,,,,,,,,,,,,,,,,,,,,,,,
75,"Surgical Arrest Socket Bleeding",Dental,1.0,177768005,275176015,"Reopening of chest and re-exploration of intra-abdominal operation site and surgical arrest of postoperative bleeding",,,,,,,,,,,,,,,,,,,,,,,,,,,,,,,,,,
75,"Surgical Arrest Socket Bleeding",Dental,1.0,173440008,268510012,"Surgical arrest of postoperative bleeding from tonsillar bed",,,,,,,,,,,,,,,,,,,,,,,,,,,,,,,,,,
75,"Surgical Arrest Socket Bleeding",Dental,1.0,178376007,276081018,"Reopening of cranium and re-exploration of intracranial operation site and surgical arrest of postoperative bleeding",,,,,,,,,,,,,,,,,,,,,,,,,,,,,,,,,,
75,"Surgical Arrest Socket Bleeding",Dental,1.0,621531000000109,1372281000000112,"Re-exploration of organ and surgical arrest of postoperative bleeding NOC",,,,,,,,,,,,,,,,,,,,,,,,,,,,,,,,,,
75,"Surgical Arrest Socket Bleeding",Dental,1.0,172811007,267550012,"Surgical arrest of bleeding from internal nose",,,,,,,,,,,,,,,,,,,,,,,,,,,,,,,,,,
100,"Scaling Of Tooth",Dental,1.0,173333008,268356015,"Scaling of tooth",268359010,"Scale teeth",268357012,"Scaling of teeth",,,,,,,,,,,,,,,,,,,,,,,,,,,,,,
100,"Application Of Fissure Sealant",Dental,1.0,234713009,351695015,"Fissure seal tooth",351694016,"Application of fissure sealant to tooth",,,,,,,,,,,,,,,,,,,,,,,,,,,,,,,,
80,"Fitting Of Dental Crown On Tooth",Dental,1.0,426222000,2676368017,"Fitting of dental crown to tooth",,,,,,,,,,,,,,,,,,,,,,,,,,,,,,,,,,
100,"Adjustment of Dental Crown",Dental,1.0,427442004,2674331017,"Adjustment of dental crown to tooth",,,,,,,,,,,,,,,,,,,,,,,,,,,,,,,,,,
100,"Removal of Dental Crown",Dental,1.0,425554000,2676337016,"Removal of dental crown from tooth",,,,,,,,,,,,,,,,,,,,,,,,,,,,,,,,,,
75,"Preparation of Teeth for Bridge",Dental,1.0,234743006,351753018,"Bridge preparation of tooth or teeth",351754012,"Bridge prep - Bridge preparation of tooth or teeth",,,,,,,,,,,,,,,,,,,,,,,,,,,,,,,,
75,"Preparation of Teeth for Bridge",Dental,1.0,234743006,351753018,"Bridge preparation of tooth or teeth",351754012,"Bridge prep - Bridge preparation of tooth or teeth",,,,,,,,,,,,,,,,,,,,,,,,,,,,,,,,
100,"Enucleation Of Dental Cyst Of Jaw",Dental,1.0,451007001,2921139014,"Enucleation of dental cyst of lower jaw",,,,,,,,,,,,,,,,,,,,,,,,,,,,,,,,,,
100,"Enucleation Of Dental Cyst Of Jaw",Dental,1.0,173338004,268364014,"Enucleation of dental cyst of jaw",,,,,,,,,,,,,,,,,,,,,,,,,,,,,,,,,,
75,"Enucleation Of Dental Cyst Of Jaw",Dental,1.0,451010008,2921064014,"Enucleation of dentigerous cyst of upper jaw",,,,,,,,,,,,,,,,,,,,,,,,,,,,,,,,,,
75,"Enucleation Of Dental Cyst Of Jaw",Dental,1.0,451011007,2921090012,"Enucleation of dentigerous cyst of lower jaw",,,,,,,,,,,,,,,,,,,,,,,,,,,,,,,,,,
75,"Enucleation Of Dental Cyst Of Jaw",Dental,1.0,451008006,2920736017,"Enucleation of radicular cyst of upper jaw",,,,,,,,,,,,,,,,,,,,,,,,,,,,,,,,,,
100,"Enucleation Of Dental Cyst Of Jaw",Dental,1.0,451006005,2921071016,"Enucleation of dental cyst of upper jaw",,,,,,,,,,,,,,,,,,,,,,,,,,,,,,,,,,
75,"Enucleation Of Dental Cyst Of Jaw",Dental,1.0,451009003,2920647018,"Enucleation of radicular cyst of lower jaw",,,,,,,,,,,,,,,,,,,,,,,,,,,,,,,,,,
100,"Cyst Enucleation",Dental,1.0,1032004,2820017,"Enucleation of parotid gland cyst",,,,,,,,,,,,,,,,,,,,,,,,,,,,,,,,,,
100,"Cyst Enucleation",Dental,1.0,42349006,70666017,"Excision of cyst of broad ligament",70667014,"Enucleation of cyst of broad ligament",,,,,,,,,,,,,,,,,,,,,,,,,,,,,,,,
100,"Cyst Enucleation",Dental,1.0,451007001,2921139014,"Enucleation of dental cyst of lower jaw",,,,,,,,,,,,,,,,,,,,,,,,,,,,,,,,,,
100,"Cyst Enucleation",Dental,1.0,173338004,268364014,"Enucleation of dental cyst of jaw",,,,,,,,,,,,,,,,,,,,,,,,,,,,,,,,,,
100,"Cyst Enucleation",Dental,1.0,451010008,2921064014,"Enucleation of dentigerous cyst of upper jaw",,,,,,,,,,,,,,,,,,,,,,,,,,,,,,,,,,
100,"Cyst Enucleation",Dental,1.0,60096009,99836012,"Enucleation of cyst of salivary gland",,,,,,,,,,,,,,,,,,,,,,,,,,,,,,,,,,
100,"Cyst Enucleation",Dental,1.0,84795004,140582016,"Enucleation of cyst of skin",,,,,,,,,,,,,,,,,,,,,,,,,,,,,,,,,,
100,"Cyst Enucleation",Dental,1.0,451011007,2921090012,"Enucleation of dentigerous cyst of lower jaw",,,,,,,,,,,,,,,,,,,,,,,,,,,,,,,,,,
100,"Cyst Enucleation",Dental,1.0,58492003,97206016,"Enucleation of cyst of subcutaneous tissue",,,,,,,,,,,,,,,,,,,,,,,,,,,,,,,,,,
100,"Cyst Enucleation",Dental,1.0,387739000,1481817010,"Enucleation of ovarian cyst",,,,,,,,,,,,,,,,,,,,,,,,,,,,,,,,,,
100,"Cyst Enucleation",Dental,1.0,37184006,62035017,"Enucleation of cyst of liver",,,,,,,,,,,,,,,,,,,,,,,,,,,,,,,,,,
100,"Cyst Enucleation",Dental,1.0,451008006,2920736017,"Enucleation of radicular cyst of upper jaw",,,,,,,,,,,,,,,,,,,,,,,,,,,,,,,,,,
100,"Cyst Enucleation",Dental,1.0,451006005,2921071016,"Enucleation of dental cyst of upper jaw",,,,,,,,,,,,,,,,,,,,,,,,,,,,,,,,,,
100,"Cyst Enucleation",Dental,1.0,451009003,2920647018,"Enucleation of radicular cyst of lower jaw",,,,,,,,,,,,,,,,,,,,,,,,,,,,,,,,,,
100,"Marsupialisation Of Dental Lesion Of Jaw",Dental,1.0,173339007,268366011,"Marsupialisation of dental lesion of jaw",268365010,"Marsupialization of dental lesion of jaw",,,,,,,,,,,,,,,,,,,,,,,,,,,,,,,,
75,"Marsupialisation Of Dental Lesion Of Jaw",Dental,1.0,173339007,268366011,"Marsupialisation of dental lesion of jaw",268365010,"Marsupialization of dental lesion of jaw",,,,,,,,,,,,,,,,,,,,,,,,,,,,,,,,
75,"Marsupialisation Of Dental Lesion Of Jaw",Dental,1.0,173337009,268363015,"Excision of dental lesion of jaw",,,,,,,,,,,,,,,,,,,,,,,,,,,,,,,,,,
75,"Excision Of Dental Lesion Of Jaw",Dental,1.0,173339007,268366011,"Marsupialisation of dental lesion of jaw",268365010,"Marsupialization of dental lesion of jaw",,,,,,,,,,,,,,,,,,,,,,,,,,,,,,,,
75,"Excision Of Dental Lesion Of Jaw",Dental,1.0,173339007,268366011,"Marsupialisation of dental lesion of jaw",268365010,"Marsupialization of dental lesion of jaw",,,,,,,,,,,,,,,,,,,,,,,,,,,,,,,,
75,"Excision Of Dental Lesion Of Jaw",Dental,1.0,392147002,1486133014,"Excision of lesion of jaw bone",,,,,,,,,,,,,,,,,,,,,,,,,,,,,,,,,,
100,"Excision Of Dental Lesion Of Jaw",Dental,1.0,173337009,268363015,"Excision of dental lesion of jaw",,,,,,,,,,,,,,,,,,,,,,,,,,,,,,,,,,
100,Gingivectomy,Dental,1.0,64544008,107267013,"Gingivectomy or gingivoplasty, per tooth",,,,,,,,,,,,,,,,,,,,,,,,,,,,,,,,,,
100,Gingivectomy,Dental,1.0,234681007,351639012,Gingivectomy,351638016,"Excision of gingiva",,,,,,,,,,,,,,,,,,,,,,,,,,,,,,,,
100,Gingivectomy,Dental,1.0,82606004,137032017,"Gingivectomy or gingivoplasty, per quadrant",,,,,,,,,,,,,,,,,,,,,,,,,,,,,,,,,,
100,"Excision of Lesion of Gingiva",Dental,1.0,173344000,268374012,"Excision of lesion of gingiva",,,,,,,,,,,,,,,,,,,,,,,,,,,,,,,,,,
100,"Biopsy Of Lesion Of Gingiva",Dental,1.0,173345004,268375013,"Biopsy of lesion of gingiva",,,,,,,,,,,,,,,,,,,,,,,,,,,,,,,,,,
100,"Gingival flap procedure, including root planing, per quadrant",Dental,1.0,45080003,75176017,"Gingival flap procedure, including root planing, per quadrant",,,,,,,,,,,,,,,,,,,,,,,,,,,,,,,,,,
100,"Suture of gingiva",Dental,1.0,234923005,352074011,"Removal of suture of gingiva",,,,,,,,,,,,,,,,,,,,,,,,,,,,,,,,,,
100,"Suture of gingiva",Dental,1.0,173347007,268377017,"Suture of gingiva",,,,,,,,,,,,,,,,,,,,,,,,,,,,,,,,,,
100,"Excision Of Tongue",Dental,1.0,173358003,268391011,"Excision of lesion of tongue",,,,,,,,,,,,,,,,,,,,,,,,,,,,,,,,,,
100,"Excision Of Tongue",Dental,1.0,21034004,35356010,"Wedge resection of tongue",480908013,"Excision reduction of tongue",480907015,"Wedge resection of tongue base",,,,,,,,,,,,,,,,,,,,,,,,,,,,,,
100,"Excision Of Tongue",Dental,1.0,234889007,352027019,"Radical glossectomy",352028012,"Radical excision of tongue",,,,,,,,,,,,,,,,,,,,,,,,,,,,,,,,
100,"Excision Of Tongue",Dental,1.0,23933004,481760015,"Excision of lingual fraenum",40196016,"Excision of lingual frenum",1216159019,"Excision of fraenum of tongue",1223185010,"Excision of frenulum of tongue",1217661017,"Excision of frenum of tongue",40198015,"Frenectomy of tongue",40197013,"Lingual frenectomy",481761016,"Lingual fraenectomy",,,,,,,,,,,,,,,,,,,,
100,"Excision Of Tongue",Dental,1.0,176239003,272852018,"Excision of tissue of tongue",,,,,,,,,,,,,,,,,,,,,,,,,,,,,,,,,,
100,"Excision Of Tongue",Dental,1.0,359703006,474763013,"Total glossectomy",474765018,"Complete glossectomy",474764019,"Total excision of tongue",,,,,,,,,,,,,,,,,,,,,,,,,,,,,,
100,"Excision Of Tongue",Dental,1.0,52151009,86799011,Glossectomy,496221015,"Tongue excision",496222010,"Excision of tongue",86802019,"Resection of tongue",,,,,,,,,,,,,,,,,,,,,,,,,,,,
100,"Excision Of Tongue",Dental,1.0,52151009,86799011,Glossectomy,496221015,"Tongue excision",496222010,"Excision of tongue",86802019,"Resection of tongue",,,,,,,,,,,,,,,,,,,,,,,,,,,,
100,"Excision Of Tongue",Dental,1.0,698031003,2969142019,"Subtotal glossectomy",2969092015,"Subtotal excision of tongue",,,,,,,,,,,,,,,,,,,,,,,,,,,,,,,,
100,"Excision Of Tongue",Dental,1.0,68769000,114217015,"Partial glossectomy",114218013,"Partial excision of tongue",,,,,,,,,,,,,,,,,,,,,,,,,,,,,,,,
100,"Excision Of Lesion Of Tongue",Dental,1.0,173358003,268391011,"Excision of lesion of tongue",,,,,,,,,,,,,,,,,,,,,,,,,,,,,,,,,,
100,"Destruction Of Lesion Of Tongue",Dental,1.0,6562000,11879016,"Destruction of lesion of tongue",,,,,,,,,,,,,,,,,,,,,,,,,,,,,,,,,,
100,"Biopsy Of Lesion Of Tongue",Dental,1.0,282365006,420662019,"Incisional biopsy of lesion of tongue",,,,,,,,,,,,,,,,,,,,,,,,,,,,,,,,,,
100,"Biopsy Of Lesion Of Tongue",Dental,1.0,173364005,268399013,"Biopsy of lesion of tongue",,,,,,,,,,,,,,,,,,,,,,,,,,,,,,,,,,
100,"Biopsy Of Lesion Of Tongue",Dental,1.0,282366007,420663012,"Excisional biopsy of lesion of tongue",,,,,,,,,,,,,,,,,,,,,,,,,,,,,,,,,,
80,"Removal Of Foreign Body From Tongue",Dental,1.0,711502008,3078874011,"Removal of foreign body from lower limb using imaging guidance",,,,,,,,,,,,,,,,,,,,,,,,,,,,,,,,,,
80,"Removal Of Foreign Body From Tongue",Dental,1.0,27181009,45454012,"Removal of foreign body from brain with incision into brain",,,,,,,,,,,,,,,,,,,,,,,,,,,,,,,,,,
80,"Removal Of Foreign Body From Tongue",Dental,1.0,230893006,345923018,"Removal of foreign body from ventricle of brain",,,,,,,,,,,,,,,,,,,,,,,,,,,,,,,,,,
80,"Removal Of Foreign Body From Tongue",Dental,1.0,609249001,2958105017,"Removal of intraluminal foreign body from larynx without incision",,,,,,,,,,,,,,,,,,,,,,,,,,,,,,,,,,
80,"Removal Of Foreign Body From Tongue",Dental,1.0,428758003,2692490012,"Endoscopic removal of foreign body from lower bowel",,,,,,,,,,,,,,,,,,,,,,,,,,,,,,,,,,
80,"Removal Of Foreign Body From Tongue",Dental,1.0,10923007,18960011,"Removal of intraluminal foreign body from large intestine without incision",,,,,,,,,,,,,,,,,,,,,,,,,,,,,,,,,,
80,"Removal Of Foreign Body From Tongue",Dental,1.0,54603001,90751018,"Removal of intraluminal foreign body from pharynx without incision",,,,,,,,,,,,,,,,,,,,,,,,,,,,,,,,,,
80,"Removal Of Foreign Body From Tongue",Dental,1.0,18994009,32015010,"Removal of foreign body from soft tissue",,,,,,,,,,,,,,,,,,,,,,,,,,,,,,,,,,
80,"Removal Of Foreign Body From Tongue",Dental,1.0,66101004,109780016,"Removal of foreign body from breast",1232760014,"FB - Removal of foreign body from breast",,,,,,,,,,,,,,,,,,,,,,,,,,,,,,,,
80,"Removal Of Foreign Body From Tongue",Dental,1.0,66101004,109780016,"Removal of foreign body from breast",1232760014,"FB - Removal of foreign body from breast",,,,,,,,,,,,,,,,,,,,,,,,,,,,,,,,
80,"Removal Of Foreign Body From Tongue",Dental,1.0,18199003,30738014,"Removal of foreign body of testis",1221971012,"FB - Removal of foreign body from testis",,,,,,,,,,,,,,,,,,,,,,,,,,,,,,,,
80,"Removal Of Foreign Body From Tongue",Dental,1.0,128396002,206695012,"Removal of foreign body from central nervous system",,,,,,,,,,,,,,,,,,,,,,,,,,,,,,,,,,
80,"Removal Of Foreign Body From Tongue",Dental,1.0,172985007,267823010,"Removal of foreign body from pyriform fossa",,,,,,,,,,,,,,,,,,,,,,,,,,,,,,,,,,
80,"Removal Of Foreign Body From Tongue",Dental,1.0,5687005,10475011,"Removal of foreign body from ovary",,,,,,,,,,,,,,,,,,,,,,,,,,,,,,,,,,
80,"Removal Of Foreign Body From Tongue",Dental,1.0,177996005,275510014,"Endoscopic removal of foreign body from peritoneum",,,,,,,,,,,,,,,,,,,,,,,,,,,,,,,,,,
80,"Removal Of Foreign Body From Tongue",Dental,1.0,235233003,352597018,"Removal of foreign body from stomach",,,,,,,,,,,,,,,,,,,,,,,,,,,,,,,,,,
80,"Removal Of Foreign Body From Tongue",Dental,1.0,6601003,11954015,"Removal of foreign body from skin of axilla",,,,,,,,,,,,,,,,,,,,,,,,,,,,,,,,,,
80,"Removal Of Foreign Body From Tongue",Dental,1.0,450578006,2916989015,"Removal of foreign body from rectouterine pouch",2915851015,"Removal of foreign body from pouch of Douglas",,,,,,,,,,,,,,,,,,,,,,,,,,,,,,,,
80,"Removal Of Foreign Body From Tongue",Dental,1.0,450578006,2916989015,"Removal of foreign body from rectouterine pouch",2915851015,"Removal of foreign body from pouch of Douglas",,,,,,,,,,,,,,,,,,,,,,,,,,,,,,,,
80,"Removal Of Foreign Body From Tongue",Dental,1.0,21257002,35716010,"Removal of foreign body from skull",,,,,,,,,,,,,,,,,,,,,,,,,,,,,,,,,,
80,"Removal Of Foreign Body From Tongue",Dental,1.0,405706000,2157487010,"Removal of foreign body from hand",,,,,,,,,,,,,,,,,,,,,,,,,,,,,,,,,,
80,"Removal Of Foreign Body From Tongue",Dental,1.0,67997001,199979012,"Removal of foreign body from oesophagus by incision",112951012,"Removal of foreign body from esophagus by incision",1218342010,"Open removal of foreign body from esophagus",1216855010,"Open removal of foreign body from oesophagus",,,,,,,,,,,,,,,,,,,,,,,,,,,,
80,"Removal Of Foreign Body From Tongue",Dental,1.0,67997001,199979012,"Removal of foreign body from oesophagus by incision",112951012,"Removal of foreign body from esophagus by incision",1218342010,"Open removal of foreign body from esophagus",1216855010,"Open removal of foreign body from oesophagus",,,,,,,,,,,,,,,,,,,,,,,,,,,,
80,"Removal Of Foreign Body From Tongue",Dental,1.0,67997001,199979012,"Removal of foreign body from oesophagus by incision",112951012,"Removal of foreign body from esophagus by incision",1218342010,"Open removal of foreign body from esophagus",1216855010,"Open removal of foreign body from oesophagus",,,,,,,,,,,,,,,,,,,,,,,,,,,,
80,"Removal Of Foreign Body From Tongue",Dental,1.0,172173000,266600018,"Removal of foreign body from orbit",,,,,,,,,,,,,,,,,,,,,,,,,,,,,,,,,,
80,"Removal Of Foreign Body From Tongue",Dental,1.0,609110008,2958552016,"Removal of intraluminal foreign body from nose without incision",,,,,,,,,,,,,,,,,,,,,,,,,,,,,,,,,,
80,"Removal Of Foreign Body From Tongue",Dental,1.0,63044005,104793011,"Removal of foreign body from ear with incision",,,,,,,,,,,,,,,,,,,,,,,,,,,,,,,,,,
80,"Removal Of Foreign Body From Tongue",Dental,1.0,172967000,267790012,"Endoscopic removal of foreign body from pharynx",,,,,,,,,,,,,,,,,,,,,,,,,,,,,,,,,,
80,"Removal Of Foreign Body From Tongue",Dental,1.0,90169002,149471019,"Removal of foreign body from perivesical tissue",,,,,,,,,,,,,,,,,,,,,,,,,,,,,,,,,,
80,"Removal Of Foreign Body From Tongue",Dental,1.0,450577001,2916242014,"Removal of foreign body from urinary tract",,,,,,,,,,,,,,,,,,,,,,,,,,,,,,,,,,
80,"Removal Of Foreign Body From Tongue",Dental,1.0,9655003,16886011,"Removal of foreign body from external auditory canal",1235984017,"FB - Removal of foreign body from external auditory canal",16889016,"Removal of intraluminal foreign body from ear without incision",,,,,,,,,,,,,,,,,,,,,,,,,,,,,,
80,"Removal Of Foreign Body From Tongue",Dental,1.0,9655003,16886011,"Removal of foreign body from external auditory canal",1235984017,"FB - Removal of foreign body from external auditory canal",16889016,"Removal of intraluminal foreign body from ear without incision",,,,,,,,,,,,,,,,,,,,,,,,,,,,,,
80,"Removal Of Foreign Body From Tongue",Dental,1.0,9655003,16886011,"Removal of foreign body from external auditory canal",1235984017,"FB - Removal of foreign body from external auditory canal",16889016,"Removal of intraluminal foreign body from ear without incision",,,,,,,,,,,,,,,,,,,,,,,,,,,,,,
80,"Removal Of Foreign Body From Tongue",Dental,1.0,20875000,35109016,"Removal of subcutaneous foreign body from upper extremity",,,,,,,,,,,,,,,,,,,,,,,,,,,,,,,,,,
80,"Removal Of Foreign Body From Tongue",Dental,1.0,17756004,195839013,"Removal of foreign body from joint structure",,,,,,,,,,,,,,,,,,,,,,,,,,,,,,,,,,
80,"Removal Of Foreign Body From Tongue",Dental,1.0,59991007,99657018,"Removal of intraluminal foreign body from cervix",,,,,,,,,,,,,,,,,,,,,,,,,,,,,,,,,,
80,"Removal Of Foreign Body From Tongue",Dental,1.0,15952007,27009010,"Removal of intraluminal foreign body from artificial stoma",,,,,,,,,,,,,,,,,,,,,,,,,,,,,,,,,,
80,"Removal Of Foreign Body From Tongue",Dental,1.0,9255007,16258014,"Removal of foreign body from anterior chamber of eye without use of magnet",16259018,"Nonmagnetic extraction of foreign body from anterior chamber of eye",,,,,,,,,,,,,,,,,,,,,,,,,,,,,,,,
80,"Removal Of Foreign Body From Tongue",Dental,1.0,240947007,360889012,"Removal of foreign body from pulmonary artery",,,,,,,,,,,,,,,,,,,,,,,,,,,,,,,,,,
80,"Removal Of Foreign Body From Tongue",Dental,1.0,43908008,73210014,"Magnet extraction of foreign body from choroid",73211013,"Removal of foreign body from choroid with use of magnet",,,,,,,,,,,,,,,,,,,,,,,,,,,,,,,,
80,"Removal Of Foreign Body From Tongue",Dental,1.0,78905003,130923019,"Removal of foreign body from pancreas",,,,,,,,,,,,,,,,,,,,,,,,,,,,,,,,,,
80,"Removal Of Foreign Body From Tongue",Dental,1.0,609247004,2958498018,"Removal of intraluminal foreign body from trachea without incision",,,,,,,,,,,,,,,,,,,,,,,,,,,,,,,,,,
80,"Removal Of Foreign Body From Tongue",Dental,1.0,234930004,352084012,"Removal of foreign body from alveolar process mucous membrane",,,,,,,,,,,,,,,,,,,,,,,,,,,,,,,,,,
80,"Removal Of Foreign Body From Tongue",Dental,1.0,56897006,94624017,"Major thoracotomy with removal of intrapulmonary foreign body",94625016,"Thoracotomy for removal of foreign body from lung",,,,,,,,,,,,,,,,,,,,,,,,,,,,,,,,
80,"Removal Of Foreign Body From Tongue",Dental,1.0,67546003,112182012,"Removal of penetrating foreign body from eye",,,,,,,,,,,,,,,,,,,,,,,,,,,,,,,,,,
80,"Removal Of Foreign Body From Tongue",Dental,1.0,233082009,349213012,"Open removal of foreign body from left ventricle",,,,,,,,,,,,,,,,,,,,,,,,,,,,,,,,,,
80,"Removal Of Foreign Body From Tongue",Dental,1.0,31434001,52543016,"Removal of penetrating foreign body from cervix",,,,,,,,,,,,,,,,,,,,,,,,,,,,,,,,,,
80,"Removal Of Foreign Body From Tongue",Dental,1.0,172426003,266951010,"Removal of foreign body from cornea",266952015,"Removal of corneal foreign body",,,,,,,,,,,,,,,,,,,,,,,,,,,,,,,,
80,"Removal Of Foreign Body From Tongue",Dental,1.0,46987005,78305010,"Removal of intraluminal foreign body from anus",,,,,,,,,,,,,,,,,,,,,,,,,,,,,,,,,,
80,"Removal Of Foreign Body From Tongue",Dental,1.0,386751009,1480883013,"Cystoscopic removal of foreign body from bladder",1491758010,"Endoscopic removal of foreign body from bladder",1491757017,"FB - Cystoscopic removal foreign body from bladder",,,,,,,,,,,,,,,,,,,,,,,,,,,,,,
80,"Removal Of Foreign Body From Tongue",Dental,1.0,386751009,1480883013,"Cystoscopic removal of foreign body from bladder",1491758010,"Endoscopic removal of foreign body from bladder",1491757017,"FB - Cystoscopic removal foreign body from bladder",,,,,,,,,,,,,,,,,,,,,,,,,,,,,,
80,"Removal Of Foreign Body From Tongue",Dental,1.0,386751009,1480883013,"Cystoscopic removal of foreign body from bladder",1491758010,"Endoscopic removal of foreign body from bladder",1491757017,"FB - Cystoscopic removal foreign body from bladder",,,,,,,,,,,,,,,,,,,,,,,,,,,,,,
80,"Removal Of Foreign Body From Tongue",Dental,1.0,1859008,4214011,"Removal of foreign body from tendon of hand",2535843013,"Hand tendon foreign body removed",,,,,,,,,,,,,,,,,,,,,,,,,,,,,,,,
80,"Removal Of Foreign Body From Tongue",Dental,1.0,48743000,81232015,"Removal of foreign body from male perineum",,,,,,,,,,,,,,,,,,,,,,,,,,,,,,,,,,
80,"Removal Of Foreign Body From Tongue",Dental,1.0,287305003,2693326019,"Removal of foreign body from bronchus by incision",426828011,"Bronchus foreign body - removal by incision",,,,,,,,,,,,,,,,,,,,,,,,,,,,,,,,
80,"Removal Of Foreign Body From Tongue",Dental,1.0,49006001,81642013,"Removal of foreign body from bladder by incision",495282019,"Open removal of foreign body from bladder",,,,,,,,,,,,,,,,,,,,,,,,,,,,,,,,
80,"Removal Of Foreign Body From Tongue",Dental,1.0,49006001,81642013,"Removal of foreign body from bladder by incision",495282019,"Open removal of foreign body from bladder",,,,,,,,,,,,,,,,,,,,,,,,,,,,,,,,
80,"Removal Of Foreign Body From Tongue",Dental,1.0,233293004,349556018,"Removal of intravascular foreign body from artery",,,,,,,,,,,,,,,,,,,,,,,,,,,,,,,,,,
80,"Removal Of Foreign Body From Tongue",Dental,1.0,233016002,349123013,"Open removal of foreign body from right atrium",,,,,,,,,,,,,,,,,,,,,,,,,,,,,,,,,,
80,"Removal Of Foreign Body From Tongue",Dental,1.0,233055001,349173011,"Open removal of foreign body from right ventricle",,,,,,,,,,,,,,,,,,,,,,,,,,,,,,,,,,
80,"Removal Of Foreign Body From Tongue",Dental,1.0,75734004,125789019,"Removal of foreign body from choroid by incision",,,,,,,,,,,,,,,,,,,,,,,,,,,,,,,,,,
80,"Removal Of Foreign Body From Tongue",Dental,1.0,300231003,441258015,"Removal of foreign body from mouth",441260018,"Removal of foreign body from oral cavity",441259011,"Remove object from mouth",,,,,,,,,,,,,,,,,,,,,,,,,,,,,,
80,"Removal Of Foreign Body From Tongue",Dental,1.0,300231003,441258015,"Removal of foreign body from mouth",441260018,"Removal of foreign body from oral cavity",441259011,"Remove object from mouth",,,,,,,,,,,,,,,,,,,,,,,,,,,,,,
80,"Removal Of Foreign Body From Tongue",Dental,1.0,343973002,470373016,"Removal of foreign body from vulva",,,,,,,,,,,,,,,,,,,,,,,,,,,,,,,,,,
80,"Removal Of Foreign Body From Tongue",Dental,1.0,232739006,348682012,"Removal of foreign body from coronary artery",,,,,,,,,,,,,,,,,,,,,,,,,,,,,,,,,,
80,"Removal Of Foreign Body From Tongue",Dental,1.0,8787000,15490012,"Removal of foreign body from nasal sinus",,,,,,,,,,,,,,,,,,,,,,,,,,,,,,,,,,
80,"Removal Of Foreign Body From Tongue",Dental,1.0,235196003,352516011,"Removal of foreign body from oesophagus",352518012,"Removal of foreign body from esophagus",352517019,"FB - Removal of foreign body from esophagus",,,,,,,,,,,,,,,,,,,,,,,,,,,,,,
80,"Removal Of Foreign Body From Tongue",Dental,1.0,235196003,352516011,"Removal of foreign body from oesophagus",352518012,"Removal of foreign body from esophagus",352517019,"FB - Removal of foreign body from esophagus",,,,,,,,,,,,,,,,,,,,,,,,,,,,,,
80,"Removal Of Foreign Body From Tongue",Dental,1.0,235196003,352516011,"Removal of foreign body from oesophagus",352518012,"Removal of foreign body from esophagus",352517019,"FB - Removal of foreign body from esophagus",,,,,,,,,,,,,,,,,,,,,,,,,,,,,,
80,"Removal Of Foreign Body From Tongue",Dental,1.0,19678009,33129018,"Removal of foreign body from heart",,,,,,,,,,,,,,,,,,,,,,,,,,,,,,,,,,
80,"Removal Of Foreign Body From Tongue",Dental,1.0,89587004,148535010,"Removal of foreign body from abdominal cavity",1235472012,"FB - Removal of foreign body from abdominal cavity",,,,,,,,,,,,,,,,,,,,,,,,,,,,,,,,
80,"Removal Of Foreign Body From Tongue",Dental,1.0,89587004,148535010,"Removal of foreign body from abdominal cavity",1235472012,"FB - Removal of foreign body from abdominal cavity",,,,,,,,,,,,,,,,,,,,,,,,,,,,,,,,
80,"Removal Of Foreign Body From Tongue",Dental,1.0,6658002,12033010,"Removal of foreign body from alveolus",12034016,"Removal of foreign body from alveolar bone",,,,,,,,,,,,,,,,,,,,,,,,,,,,,,,,
80,"Removal Of Foreign Body From Tongue",Dental,1.0,6658002,12033010,"Removal of foreign body from alveolus",12034016,"Removal of foreign body from alveolar bone",,,,,,,,,,,,,,,,,,,,,,,,,,,,,,,,
80,"Removal Of Foreign Body From Tongue",Dental,1.0,44708005,74582017,"Removal of foreign body of lacrimal punctum",1230120014,"FB - Removal of foreign body from lacrimal punctum",1230119015,"Removal of foreign body from lacrimal punctum",,,,,,,,,,,,,,,,,,,,,,,,,,,,,,
80,"Removal Of Foreign Body From Tongue",Dental,1.0,44708005,74582017,"Removal of foreign body of lacrimal punctum",1230120014,"FB - Removal of foreign body from lacrimal punctum",1230119015,"Removal of foreign body from lacrimal punctum",,,,,,,,,,,,,,,,,,,,,,,,,,,,,,
80,"Removal Of Foreign Body From Tongue",Dental,1.0,446018005,2883548012,"Endoscopy of upper gastrointestinal tract and removal of foreign body from oesophagus",2883547019,"Endoscopy of upper gastrointestinal tract and removal of foreign body from esophagus",2882237011,"Oesophagogastroduodenoscopy and removal of foreign body from oesophagus",2883549016,"Esophagogastroduodenoscopy and removal of foreign body from esophagus",,,,,,,,,,,,,,,,,,,,,,,,,,,,
80,"Removal Of Foreign Body From Tongue",Dental,1.0,446018005,2883548012,"Endoscopy of upper gastrointestinal tract and removal of foreign body from oesophagus",2883547019,"Endoscopy of upper gastrointestinal tract and removal of foreign body from esophagus",2882237011,"Oesophagogastroduodenoscopy and removal of foreign body from oesophagus",2883549016,"Esophagogastroduodenoscopy and removal of foreign body from esophagus",,,,,,,,,,,,,,,,,,,,,,,,,,,,
80,"Removal Of Foreign Body From Tongue",Dental,1.0,446018005,2883548012,"Endoscopy of upper gastrointestinal tract and removal of foreign body from oesophagus",2883547019,"Endoscopy of upper gastrointestinal tract and removal of foreign body from esophagus",2882237011,"Oesophagogastroduodenoscopy and removal of foreign body from oesophagus",2883549016,"Esophagogastroduodenoscopy and removal of foreign body from esophagus",,,,,,,,,,,,,,,,,,,,,,,,,,,,
80,"Removal Of Foreign Body From Tongue",Dental,1.0,176354006,273060012,"Urethroscopic removal of foreign body from urethra",,,,,,,,,,,,,,,,,,,,,,,,,,,,,,,,,,
80,"Removal Of Foreign Body From Tongue",Dental,1.0,265700002,394563019,"Removal of a foreign body from the nail bed",,,,,,,,,,,,,,,,,,,,,,,,,,,,,,,,,,
80,"Removal Of Foreign Body From Tongue",Dental,1.0,609113005,2958609010,"Removal of foreign body from vulva without incision",,,,,,,,,,,,,,,,,,,,,,,,,,,,,,,,,,
80,"Removal Of Foreign Body From Tongue",Dental,1.0,14983002,25436017,"Removal of foreign body from supraclavicular fossa by incision",,,,,,,,,,,,,,,,,,,,,,,,,,,,,,,,,,
80,"Removal Of Foreign Body From Tongue",Dental,1.0,609107001,2959033013,"Removal of intraluminal foreign body from small intestine without incision",,,,,,,,,,,,,,,,,,,,,,,,,,,,,,,,,,
80,"Removal Of Foreign Body From Tongue",Dental,1.0,233029002,349141017,"Open removal of foreign body from left atrium",,,,,,,,,,,,,,,,,,,,,,,,,,,,,,,,,,
80,"Removal Of Foreign Body From Tongue",Dental,1.0,27780001,46496016,"Removal of foreign body from nerve root",,,,,,,,,,,,,,,,,,,,,,,,,,,,,,,,,,
80,"Removal Of Foreign Body From Tongue",Dental,1.0,342956007,470334016,"Removal of foreign body from labia",,,,,,,,,,,,,,,,,,,,,,,,,,,,,,,,,,
80,"Removal Of Foreign Body From Tongue",Dental,1.0,89788006,148851012,"Magnet extraction of foreign body from posterior segment of eye",148854016,"Removal of foreign body from posterior segment of eye with use of magnet",,,,,,,,,,,,,,,,,,,,,,,,,,,,,,,,
80,"Removal Of Foreign Body From Tongue",Dental,1.0,60278009,100138015,"Removal of foreign body from femur",,,,,,,,,,,,,,,,,,,,,,,,,,,,,,,,,,
80,"Removal Of Foreign Body From Tongue",Dental,1.0,440458009,2795026014,"Removal of foreign body from soft tissue of nose",,,,,,,,,,,,,,,,,,,,,,,,,,,,,,,,,,
80,"Removal Of Foreign Body From Tongue",Dental,1.0,444771001,2871787012,"Removal of foreign body from facial bone",,,,,,,,,,,,,,,,,,,,,,,,,,,,,,,,,,
80,"Removal Of Foreign Body From Tongue",Dental,1.0,444600006,2870849016,"Removal of magnetic foreign body from eye",,,,,,,,,,,,,,,,,,,,,,,,,,,,,,,,,,
80,"Removal Of Foreign Body From Tongue",Dental,1.0,47897009,79820016,"Removal of intraluminal foreign body from rectum",,,,,,,,,,,,,,,,,,,,,,,,,,,,,,,,,,
80,"Removal Of Foreign Body From Tongue",Dental,1.0,179393001,277617015,"Arthroscopic removal foreign body from knee joint",,,,,,,,,,,,,,,,,,,,,,,,,,,,,,,,,,
80,"Removal Of Foreign Body From Tongue",Dental,1.0,62859007,104473016,"Removal of foreign body from urethra without incision",,,,,,,,,,,,,,,,,,,,,,,,,,,,,,,,,,
80,"Removal Of Foreign Body From Tongue",Dental,1.0,74948004,124473010,"Magnet extraction of foreign body from retina",124474016,"Removal of foreign body from retina with use of magnet",,,,,,,,,,,,,,,,,,,,,,,,,,,,,,,,
80,"Removal Of Foreign Body From Tongue",Dental,1.0,64550003,107274015,"Removal of foreign body from stomach by incision",107275019,"Gastrotomy with foreign body removal",1232573010,"Open removal of foreign body from stomach",,,,,,,,,,,,,,,,,,,,,,,,,,,,,,
80,"Removal Of Foreign Body From Tongue",Dental,1.0,64550003,107274015,"Removal of foreign body from stomach by incision",107275019,"Gastrotomy with foreign body removal",1232573010,"Open removal of foreign body from stomach",,,,,,,,,,,,,,,,,,,,,,,,,,,,,,
80,"Removal Of Foreign Body From Tongue",Dental,1.0,239355000,358692011,"Removal of foreign body from bone",,,,,,,,,,,,,,,,,,,,,,,,,,,,,,,,,,
80,"Removal Of Foreign Body From Tongue",Dental,1.0,239459005,358847019,"Removal of foreign body from within joint cavity",,,,,,,,,,,,,,,,,,,,,,,,,,,,,,,,,,
80,"Removal Of Foreign Body From Tongue",Dental,1.0,60836005,101091019,"Removal of foreign body from antecubital fossa",,,,,,,,,,,,,,,,,,,,,,,,,,,,,,,,,,
80,"Removal Of Foreign Body From Tongue",Dental,1.0,711501001,3078651010,"Removal of foreign body from head and neck using imaging guidance",,,,,,,,,,,,,,,,,,,,,,,,,,,,,,,,,,
80,"Removal Of Foreign Body From Tongue",Dental,1.0,235362004,352787013,"Endoscopic removal of intraluminal foreign body from stomach and small intestine without incision",,,,,,,,,,,,,,,,,,,,,,,,,,,,,,,,,,
80,"Removal Of Foreign Body From Tongue",Dental,1.0,72199008,119968012,"Removal of foreign body from vitreous by incision",1233486013,"FB - Removal of foreign body from vitreous",1233487016,"IOFB - Removal of foreign body from vitreous cavity",1233485012,"Removal of foreign body from vitreous cavity",,,,,,,,,,,,,,,,,,,,,,,,,,,,
80,"Removal Of Foreign Body From Tongue",Dental,1.0,72199008,119968012,"Removal of foreign body from vitreous by incision",1233486013,"FB - Removal of foreign body from vitreous",1233487016,"IOFB - Removal of foreign body from vitreous cavity",1233485012,"Removal of foreign body from vitreous cavity",,,,,,,,,,,,,,,,,,,,,,,,,,,,
80,"Removal Of Foreign Body From Tongue",Dental,1.0,72199008,119968012,"Removal of foreign body from vitreous by incision",1233486013,"FB - Removal of foreign body from vitreous",1233487016,"IOFB - Removal of foreign body from vitreous cavity",1233485012,"Removal of foreign body from vitreous cavity",,,,,,,,,,,,,,,,,,,,,,,,,,,,
80,"Removal Of Foreign Body From Tongue",Dental,1.0,62992002,104708011,"Removal of foreign body from urethra with incision",,,,,,,,,,,,,,,,,,,,,,,,,,,,,,,,,,
80,"Removal Of Foreign Body From Tongue",Dental,1.0,174165008,269769010,"Open removal of foreign body from colon",,,,,,,,,,,,,,,,,,,,,,,,,,,,,,,,,,
80,"Removal Of Foreign Body From Tongue",Dental,1.0,444291007,2841512018,"Removal of foreign body from subcutaneous tissue by incision",,,,,,,,,,,,,,,,,,,,,,,,,,,,,,,,,,
80,"Removal Of Foreign Body From Tongue",Dental,1.0,128395003,206694011,"Removal of foreign body from genitourinary system",,,,,,,,,,,,,,,,,,,,,,,,,,,,,,,,,,
80,"Removal Of Foreign Body From Tongue",Dental,1.0,405711003,2157492012,"Removal of foreign body from upper limb, except hand",,,,,,,,,,,,,,,,,,,,,,,,,,,,,,,,,,
80,"Removal Of Foreign Body From Tongue",Dental,1.0,302421003,444094013,"Removal of foreign body from skin",,,,,,,,,,,,,,,,,,,,,,,,,,,,,,,,,,
80,"Removal Of Foreign Body From Tongue",Dental,1.0,426131005,2675429016,"Percutaneous transluminal removal of foreign body from heart",,,,,,,,,,,,,,,,,,,,,,,,,,,,,,,,,,
80,"Removal Of Foreign Body From Tongue",Dental,1.0,233752006,350259012,"Removal of penetrating foreign body from palate",,,,,,,,,,,,,,,,,,,,,,,,,,,,,,,,,,
80,"Removal Of Foreign Body From Tongue",Dental,1.0,70089008,116405018,"Removal of foreign body from supraclavicular fossa",,,,,,,,,,,,,,,,,,,,,,,,,,,,,,,,,,
80,"Removal Of Foreign Body From Tongue",Dental,1.0,234929009,352083018,"Removal of foreign body from floor of mouth",,,,,,,,,,,,,,,,,,,,,,,,,,,,,,,,,,
80,"Removal Of Foreign Body From Tongue",Dental,1.0,90554007,150077010,"Removal of foreign body from muscle of hand",,,,,,,,,,,,,,,,,,,,,,,,,,,,,,,,,,
80,"Removal Of Foreign Body From Tongue",Dental,1.0,3843001,7477018,"Removal of foreign body from fascia",,,,,,,,,,,,,,,,,,,,,,,,,,,,,,,,,,
80,"Removal Of Foreign Body From Tongue",Dental,1.0,363282007,482426014,"Removal of foreign body from bladder",,,,,,,,,,,,,,,,,,,,,,,,,,,,,,,,,,
80,"Removal Of Foreign Body From Tongue",Dental,1.0,67981006,112922013,"Removal of foreign body of scrotum",1232997011,"FB - Removal of foreign body from scrotum",,,,,,,,,,,,,,,,,,,,,,,,,,,,,,,,
80,"Removal Of Foreign Body From Tongue",Dental,1.0,450580000,2915861010,"Removal of foreign body from skin of neck",,,,,,,,,,,,,,,,,,,,,,,,,,,,,,,,,,
80,"Removal Of Foreign Body From Tongue",Dental,1.0,78767004,130707012,"Removal of foreign body from soft tissue of hand",,,,,,,,,,,,,,,,,,,,,,,,,,,,,,,,,,
80,"Removal Of Foreign Body From Tongue",Dental,1.0,174181003,269806013,"Fibreoptic endoscopic removal of foreign body from colon",269805012,"Fiberoptic endoscopic removal of foreign body from colon",,,,,,,,,,,,,,,,,,,,,,,,,,,,,,,,
80,"Removal Of Foreign Body From Tongue",Dental,1.0,174181003,269806013,"Fibreoptic endoscopic removal of foreign body from colon",269805012,"Fiberoptic endoscopic removal of foreign body from colon",,,,,,,,,,,,,,,,,,,,,,,,,,,,,,,,
80,"Removal Of Foreign Body From Tongue",Dental,1.0,664141000000101,1458181000000111,"Manipulative removal of foreign body from organ NOC",,,,,,,,,,,,,,,,,,,,,,,,,,,,,,,,,,
80,"Removal Of Foreign Body From Tongue",Dental,1.0,63003009,104727017,"Removal of foreign body from large intestine by incision",,,,,,,,,,,,,,,,,,,,,,,,,,,,,,,,,,
80,"Removal Of Foreign Body From Tongue",Dental,1.0,64340000,106948011,"Removal of foreign body from retina without use of magnet",,,,,,,,,,,,,,,,,,,,,,,,,,,,,,,,,,
80,"Removal Of Foreign Body From Tongue",Dental,1.0,405709007,2157490016,"Removal of foreign body from foot",,,,,,,,,,,,,,,,,,,,,,,,,,,,,,,,,,
80,"Removal Of Foreign Body From Tongue",Dental,1.0,47854004,79743019,"Removal of foreign body without incision from neck",,,,,,,,,,,,,,,,,,,,,,,,,,,,,,,,,,
80,"Removal Of Foreign Body From Tongue",Dental,1.0,51281007,85422016,"Removal of superficial foreign body from conjunctiva",,,,,,,,,,,,,,,,,,,,,,,,,,,,,,,,,,
80,"Removal Of Foreign Body From Tongue",Dental,1.0,21205002,35637012,"Removal of foreign body from brain without incision into brain",,,,,,,,,,,,,,,,,,,,,,,,,,,,,,,,,,
80,"Removal Of Foreign Body From Tongue",Dental,1.0,88354009,146493011,"Removal of foreign body from intestine by incision",507996010,"Enterotomy for foreign body removal",,,,,,,,,,,,,,,,,,,,,,,,,,,,,,,,
80,"Removal Of Foreign Body From Tongue",Dental,1.0,174001003,269523012,"Removal of foreign body from ileum",,,,,,,,,,,,,,,,,,,,,,,,,,,,,,,,,,
80,"Removal Of Foreign Body From Tongue",Dental,1.0,234545002,351419016,"Removal of foreign body from palate by incision",,,,,,,,,,,,,,,,,,,,,,,,,,,,,,,,,,
80,"Removal Of Foreign Body From Tongue",Dental,1.0,22411004,37623019,"Removal of foreign body from thorax",,,,,,,,,,,,,,,,,,,,,,,,,,,,,,,,,,
80,"Removal Of Foreign Body From Tongue",Dental,1.0,277992006,414750016,"Percutaneous removal of foreign body from intracranial artery",,,,,,,,,,,,,,,,,,,,,,,,,,,,,,,,,,
80,"Removal Of Foreign Body From Tongue",Dental,1.0,233294005,349557010,"Removal of foreign body from arterial graft",,,,,,,,,,,,,,,,,,,,,,,,,,,,,,,,,,
80,"Removal Of Foreign Body From Tongue",Dental,1.0,112839005,184086017,"Removal of intraluminal foreign body from artificial stoma without incision",,,,,,,,,,,,,,,,,,,,,,,,,,,,,,,,,,
80,"Removal Of Foreign Body From Tongue",Dental,1.0,235339001,352749017,"Removal of foreign body from large intestine",,,,,,,,,,,,,,,,,,,,,,,,,,,,,,,,,,
80,"Removal Of Foreign Body From Tongue",Dental,1.0,28405008,47547015,"Removal of foreign body from spinal cord",1225893010,"Removal of foreign body from spinal cord tissue",1225892017,"FB - Removal of foreign body from spinal cord",,,,,,,,,,,,,,,,,,,,,,,,,,,,,,
80,"Removal Of Foreign Body From Tongue",Dental,1.0,28405008,47547015,"Removal of foreign body from spinal cord",1225893010,"Removal of foreign body from spinal cord tissue",1225892017,"FB - Removal of foreign body from spinal cord",,,,,,,,,,,,,,,,,,,,,,,,,,,,,,
80,"Removal Of Foreign Body From Tongue",Dental,1.0,28405008,47547015,"Removal of foreign body from spinal cord",1225893010,"Removal of foreign body from spinal cord tissue",1225892017,"FB - Removal of foreign body from spinal cord",,,,,,,,,,,,,,,,,,,,,,,,,,,,,,
80,"Removal Of Foreign Body From Tongue",Dental,1.0,66256006,110035011,"Removal of foreign body from perineum",,,,,,,,,,,,,,,,,,,,,,,,,,,,,,,,,,
80,"Removal Of Foreign Body From Tongue",Dental,1.0,11328002,19626010,"Removal of foreign body from nose by incision",19627018,"Removal of intranasal foreign body by lateral rhinotomy",,,,,,,,,,,,,,,,,,,,,,,,,,,,,,,,
80,"Removal Of Foreign Body From Tongue",Dental,1.0,3701000,7239010,"Removal of foreign body of hip from subcutaneous tissue",,,,,,,,,,,,,,,,,,,,,,,,,,,,,,,,,,
80,"Removal Of Foreign Body From Tongue",Dental,1.0,173142006,268035013,"Fibreoptic endoscopic removal of foreign body from trachea",268034012,"Fiberoptic endoscopic removal of foreign body from trachea",,,,,,,,,,,,,,,,,,,,,,,,,,,,,,,,
80,"Removal Of Foreign Body From Tongue",Dental,1.0,173142006,268035013,"Fibreoptic endoscopic removal of foreign body from trachea",268034012,"Fiberoptic endoscopic removal of foreign body from trachea",,,,,,,,,,,,,,,,,,,,,,,,,,,,,,,,
80,"Removal Of Foreign Body From Tongue",Dental,1.0,22529007,37811010,"Removal of foreign body from groin region",,,,,,,,,,,,,,,,,,,,,,,,,,,,,,,,,,
80,"Removal Of Foreign Body From Tongue",Dental,1.0,450579003,2916078013,"Removal of foreign body from skin of head",,,,,,,,,,,,,,,,,,,,,,,,,,,,,,,,,,
80,"Removal Of Foreign Body From Tongue",Dental,1.0,232707004,348627015,"Removal of foreign body from airway",,,,,,,,,,,,,,,,,,,,,,,,,,,,,,,,,,
80,"Removal Of Foreign Body From Tongue",Dental,1.0,708993003,3037858012,"Removal of foreign body from peritoneal cavity",,,,,,,,,,,,,,,,,,,,,,,,,,,,,,,,,,
80,"Removal Of Foreign Body From Tongue",Dental,1.0,609112000,2958490013,"Removal of intraluminal foreign body from urethra without incision",,,,,,,,,,,,,,,,,,,,,,,,,,,,,,,,,,
80,"Removal Of Foreign Body From Tongue",Dental,1.0,45817009,76410018,"Removal of foreign body from retina by incision",,,,,,,,,,,,,,,,,,,,,,,,,,,,,,,,,,
80,"Removal Of Foreign Body From Tongue",Dental,1.0,39536003,66312012,"Duodenotomy for foreign body removal",1229538018,"Open removal of foreign body from duodenum",66313019,"Removal of foreign body from duodenum by incision",,,,,,,,,,,,,,,,,,,,,,,,,,,,,,
80,"Removal Of Foreign Body From Tongue",Dental,1.0,39536003,66312012,"Duodenotomy for foreign body removal",1229538018,"Open removal of foreign body from duodenum",66313019,"Removal of foreign body from duodenum by incision",,,,,,,,,,,,,,,,,,,,,,,,,,,,,,
80,"Removal Of Foreign Body From Tongue",Dental,1.0,236157003,353999019,"Endoscopic removal of foreign body from stomach",,,,,,,,,,,,,,,,,,,,,,,,,,,,,,,,,,
80,"Removal Of Foreign Body From Tongue",Dental,1.0,59607002,99021010,"Removal of foreign body from frontal sinus",,,,,,,,,,,,,,,,,,,,,,,,,,,,,,,,,,
80,"Removal Of Foreign Body From Tongue",Dental,1.0,177935006,275435018,"Removal of foreign body from anterior abdominal wall",,,,,,,,,,,,,,,,,,,,,,,,,,,,,,,,,,
80,"Removal Of Foreign Body From Tongue",Dental,1.0,7098006,12712010,"Removal of foreign body from vertebra",,,,,,,,,,,,,,,,,,,,,,,,,,,,,,,,,,
80,"Removal Of Foreign Body From Tongue",Dental,1.0,3517009,6938017,"Removal of foreign body of pelvis from subcutaneous tissue",,,,,,,,,,,,,,,,,,,,,,,,,,,,,,,,,,
80,"Removal Of Foreign Body From Tongue",Dental,1.0,68261001,113385011,"Incision and removal of foreign body from anus",,,,,,,,,,,,,,,,,,,,,,,,,,,,,,,,,,
80,"Removal Of Foreign Body From Tongue",Dental,1.0,8305008,505409016,"Removal of foreign body from rectum under anaesthesia",14691012,"Removal of foreign body from rectum under anesthesia",,,,,,,,,,,,,,,,,,,,,,,,,,,,,,,,
80,"Removal Of Foreign Body From Tongue",Dental,1.0,8305008,505409016,"Removal of foreign body from rectum under anaesthesia",14691012,"Removal of foreign body from rectum under anesthesia",,,,,,,,,,,,,,,,,,,,,,,,,,,,,,,,
80,"Removal Of Foreign Body From Tongue",Dental,1.0,302051002,443589011,"Endoscopic removal of foreign body from colon",,,,,,,,,,,,,,,,,,,,,,,,,,,,,,,,,,
80,"Removal Of Foreign Body From Tongue",Dental,1.0,284904002,423751011,"Removal of foreign body from vulva by incision",,,,,,,,,,,,,,,,,,,,,,,,,,,,,,,,,,
80,"Removal Of Foreign Body From Tongue",Dental,1.0,277989007,414746011,"Percutaneous removal of foreign body from vein",,,,,,,,,,,,,,,,,,,,,,,,,,,,,,,,,,
80,"Removal Of Foreign Body From Tongue",Dental,1.0,70445000,117029014,"Incision and removal of foreign body from gallbladder",2872236012,"Cholecystotomy and removal of foreign body from gallbladder",,,,,,,,,,,,,,,,,,,,,,,,,,,,,,,,
80,"Removal Of Foreign Body From Tongue",Dental,1.0,70445000,117029014,"Incision and removal of foreign body from gallbladder",2872236012,"Cholecystotomy and removal of foreign body from gallbladder",,,,,,,,,,,,,,,,,,,,,,,,,,,,,,,,
80,"Removal Of Foreign Body From Tongue",Dental,1.0,13767004,23477015,"Removal of foreign body from choroid without use of magnet",,,,,,,,,,,,,,,,,,,,,,,,,,,,,,,,,,
80,"Removal Of Foreign Body From Tongue",Dental,1.0,73528006,122085012,"Removal of foreign body from hand without incision",,,,,,,,,,,,,,,,,,,,,,,,,,,,,,,,,,
80,"Removal Of Foreign Body From Tongue",Dental,1.0,445024005,2872443016,"Removal of penetrating foreign body from eye using magnet",,,,,,,,,,,,,,,,,,,,,,,,,,,,,,,,,,
80,"Removal Of Foreign Body From Tongue",Dental,1.0,20153000,33909018,"Removal of foreign body from pharynx by pharyngotomy",480409010,"Open removal of foreign body from pharynx",,,,,,,,,,,,,,,,,,,,,,,,,,,,,,,,
80,"Removal Of Foreign Body From Tongue",Dental,1.0,20153000,33909018,"Removal of foreign body from pharynx by pharyngotomy",480409010,"Open removal of foreign body from pharynx",,,,,,,,,,,,,,,,,,,,,,,,,,,,,,,,
80,"Removal Of Foreign Body From Tongue",Dental,1.0,55041002,91511013,"Removal of foreign body from nerve",,,,,,,,,,,,,,,,,,,,,,,,,,,,,,,,,,
80,"Removal Of Foreign Body From Tongue",Dental,1.0,8131002,14422019,"Removal of foreign body from retroperitoneum",,,,,,,,,,,,,,,,,,,,,,,,,,,,,,,,,,
80,"Removal Of Foreign Body From Tongue",Dental,1.0,173645007,268893015,"Fibreoptic oesophagoscopy and removal of foreign body",268895010,"Fiberoptic esophagoscopy and removal of foreign body",268896011,"Fibreoptic endoscopic removal of foreign body from oesophagus",268894014,"Fiberoptic endoscopic removal of foreign body from esophagus",,,,,,,,,,,,,,,,,,,,,,,,,,,,
80,"Removal Of Foreign Body From Tongue",Dental,1.0,73551006,122123017,"Removal of foreign body from peripheral nerve",,,,,,,,,,,,,,,,,,,,,,,,,,,,,,,,,,
80,"Removal Of Foreign Body From Tongue",Dental,1.0,81550005,135282015,"Removal of foreign body from sphenoid sinus",,,,,,,,,,,,,,,,,,,,,,,,,,,,,,,,,,
80,"Removal Of Foreign Body From Tongue",Dental,1.0,37470006,62496013,"Removal of foreign body from head",,,,,,,,,,,,,,,,,,,,,,,,,,,,,,,,,,
80,"Removal Of Foreign Body From Tongue",Dental,1.0,39464006,66188011,"Removal of foreign body from maxillary sinus",1229526010,"Removal of foreign body from maxillary antrum",1229527018,"FB - Removal of foreign body from maxillary antrum",,,,,,,,,,,,,,,,,,,,,,,,,,,,,,
80,"Removal Of Foreign Body From Tongue",Dental,1.0,39464006,66188011,"Removal of foreign body from maxillary sinus",1229526010,"Removal of foreign body from maxillary antrum",1229527018,"FB - Removal of foreign body from maxillary antrum",,,,,,,,,,,,,,,,,,,,,,,,,,,,,,
80,"Removal Of Foreign Body From Tongue",Dental,1.0,39464006,66188011,"Removal of foreign body from maxillary sinus",1229526010,"Removal of foreign body from maxillary antrum",1229527018,"FB - Removal of foreign body from maxillary antrum",,,,,,,,,,,,,,,,,,,,,,,,,,,,,,
80,"Removal Of Foreign Body From Tongue",Dental,1.0,28136008,47103017,"Removal of intraluminal foreign body from uterus without incision",,,,,,,,,,,,,,,,,,,,,,,,,,,,,,,,,,
80,"Removal Of Foreign Body From Tongue",Dental,1.0,24633005,41293014,"Removal of foreign body from fascia of hand",2579221013,"Hand fascia foreign body removed",,,,,,,,,,,,,,,,,,,,,,,,,,,,,,,,
80,"Removal Of Foreign Body From Tongue",Dental,1.0,172278002,266747016,"Removal of foreign body from eyelid",,,,,,,,,,,,,,,,,,,,,,,,,,,,,,,,,,
80,"Removal Of Foreign Body From Tongue",Dental,1.0,84125003,139507018,"Removal of foreign body from pericardium",,,,,,,,,,,,,,,,,,,,,,,,,,,,,,,,,,
80,"Removal Of Foreign Body From Tongue",Dental,1.0,86812005,143975010,"Removal of foreign body from female perineum",,,,,,,,,,,,,,,,,,,,,,,,,,,,,,,,,,
80,"Removal Of Foreign Body From Tongue",Dental,1.0,234928001,352079018,"Removal of foreign body from cheek",,,,,,,,,,,,,,,,,,,,,,,,,,,,,,,,,,
80,"Removal Of Foreign Body From Tongue",Dental,1.0,112704002,183660017,"Removal of foreign body from bursa",1219792017,"FB - Removal of foreign body from bursa",,,,,,,,,,,,,,,,,,,,,,,,,,,,,,,,
80,"Removal Of Foreign Body From Tongue",Dental,1.0,112704002,183660017,"Removal of foreign body from bursa",1219792017,"FB - Removal of foreign body from bursa",,,,,,,,,,,,,,,,,,,,,,,,,,,,,,,,
80,"Removal Of Foreign Body From Tongue",Dental,1.0,79485003,131869012,"Removal of foreign body from muscle",1234365018,"FB - Removal of foreign body from muscle",,,,,,,,,,,,,,,,,,,,,,,,,,,,,,,,
80,"Removal Of Foreign Body From Tongue",Dental,1.0,79485003,131869012,"Removal of foreign body from muscle",1234365018,"FB - Removal of foreign body from muscle",,,,,,,,,,,,,,,,,,,,,,,,,,,,,,,,
80,"Removal Of Foreign Body From Tongue",Dental,1.0,277988004,414745010,"Percutaneous removal of foreign body from artery",,,,,,,,,,,,,,,,,,,,,,,,,,,,,,,,,,
80,"Removal Of Foreign Body From Tongue",Dental,1.0,445023004,2872442014,"Removal of penetrating foreign body from eye by incision",,,,,,,,,,,,,,,,,,,,,,,,,,,,,,,,,,
80,"Removal Of Foreign Body From Tongue",Dental,1.0,40203007,63541013,"Removal of foreign body from ethmoid sinus",,,,,,,,,,,,,,,,,,,,,,,,,,,,,,,,,,
80,"Removal Of Foreign Body From Tongue",Dental,1.0,8144007,14441016,"Removal of foreign body from trachea by incision",,,,,,,,,,,,,,,,,,,,,,,,,,,,,,,,,,
80,"Removal Of Foreign Body From Tongue",Dental,1.0,90589009,150134011,"Removal of superficial foreign body from eye without incision",,,,,,,,,,,,,,,,,,,,,,,,,,,,,,,,,,
80,"Removal Of Foreign Body From Tongue",Dental,1.0,57660006,95882010,"Removal of foreign body from skin without incision",,,,,,,,,,,,,,,,,,,,,,,,,,,,,,,,,,
80,"Removal Of Foreign Body From Tongue",Dental,1.0,80125006,132936014,"Removal of foreign body from mediastinum",,,,,,,,,,,,,,,,,,,,,,,,,,,,,,,,,,
80,"Removal Of Foreign Body From Tongue",Dental,1.0,232574005,348433015,"Removal of foreign body from larynx",,,,,,,,,,,,,,,,,,,,,,,,,,,,,,,,,,
80,"Removal Of Foreign Body From Tongue",Dental,1.0,84397009,139961011,"Removal of intraluminal foreign body from vagina without incision",,,,,,,,,,,,,,,,,,,,,,,,,,,,,,,,,,
80,"Removal Of Foreign Body From Tongue",Dental,1.0,128394004,206693017,"Removal of foreign body from digestive system",,,,,,,,,,,,,,,,,,,,,,,,,,,,,,,,,,
80,"Removal Of Foreign Body From Tongue",Dental,1.0,178214002,275840018,"Removal of foreign body from tendon",,,,,,,,,,,,,,,,,,,,,,,,,,,,,,,,,,
80,"Removal Of Foreign Body From Tongue",Dental,1.0,56223007,93500010,"Removal of foreign body from spinal canal",,,,,,,,,,,,,,,,,,,,,,,,,,,,,,,,,,
80,"Removal Of Foreign Body From Tongue",Dental,1.0,54211003,90111012,"Nonmagnetic extraction of foreign body from lens without extraction of lens",90112017,"Removal of foreign body from lens without use of magnet",,,,,,,,,,,,,,,,,,,,,,,,,,,,,,,,
80,"Removal Of Foreign Body From Tongue",Dental,1.0,63065004,104829011,"Oesophagoscopy for removal of foreign body",104828015,"Endoscopic removal of intraluminal foreign body from esophagus without incision",104827013,"Esophagoscopy for removal of foreign body",499464013,"Oesophagoscopy and removal of foreign body",499461017,"Endoscopic removal of intraluminal foreign body from oesophagus without incision",499463019,"Esophagoscopy and removal of foreign body",2647234013,"FB - Esophagoscopy and removal of foreign body",,,,,,,,,,,,,,,,,,,,,,
80,"Removal Of Foreign Body From Tongue",Dental,1.0,443901003,2841418017,"Removal of foreign body from subcutaneous tissue by incision of skin and dissection of subcutaneous tissue",,,,,,,,,,,,,,,,,,,,,,,,,,,,,,,,,,
80,"Removal Of Foreign Body From Tongue",Dental,1.0,32057000,53573016,"Removal of foreign body from bursa of hand",,,,,,,,,,,,,,,,,,,,,,,,,,,,,,,,,,
80,"Removal Of Foreign Body From Tongue",Dental,1.0,173813000,269250018,"Fibreoptic endoscopic removal of foreign body from upper gastrointestinal tract",269249018,"Fiberoptic endoscopic removal of foreign body from upper gastrointestinal tract",,,,,,,,,,,,,,,,,,,,,,,,,,,,,,,,
80,"Removal Of Foreign Body From Tongue",Dental,1.0,173813000,269250018,"Fibreoptic endoscopic removal of foreign body from upper gastrointestinal tract",269249018,"Fiberoptic endoscopic removal of foreign body from upper gastrointestinal tract",,,,,,,,,,,,,,,,,,,,,,,,,,,,,,,,
80,"Removal Of Foreign Body From Tongue",Dental,1.0,3564009,7008018,"Removal of foreign body from fallopian tube",,,,,,,,,,,,,,,,,,,,,,,,,,,,,,,,,,
80,"Removal Of Foreign Body From Tongue",Dental,1.0,235297000,352690010,"Removal of foreign body from small intestine",,,,,,,,,,,,,,,,,,,,,,,,,,,,,,,,,,
80,"Removal Of Foreign Body From Tongue",Dental,1.0,429593000,2693344010,"Removal of foreign body from anus",,,,,,,,,,,,,,,,,,,,,,,,,,,,,,,,,,
80,"Removal Of Foreign Body From Tongue",Dental,1.0,173412003,268470019,"Removal of foreign body from palate",,,,,,,,,,,,,,,,,,,,,,,,,,,,,,,,,,
80,"Removal Of Foreign Body From Tongue",Dental,1.0,84016007,139316018,"Removal of foreign body from lens",,,,,,,,,,,,,,,,,,,,,,,,,,,,,,,,,,
80,"Removal Of Foreign Body From Tongue",Dental,1.0,10804001,18764012,"Removal of foreign body from spinal meninges",,,,,,,,,,,,,,,,,,,,,,,,,,,,,,,,,,
80,"Removal Of Foreign Body From Tongue",Dental,1.0,179855002,278189013,"Open removal foreign body from joint",278190016,"Open removal of foreign body from joint",,,,,,,,,,,,,,,,,,,,,,,,,,,,,,,,
80,"Removal Of Foreign Body From Tongue",Dental,1.0,179855002,278189013,"Open removal foreign body from joint",278190016,"Open removal of foreign body from joint",,,,,,,,,,,,,,,,,,,,,,,,,,,,,,,,
80,"Removal Of Foreign Body From Tongue",Dental,1.0,1868005,4226018,"Removal of foreign body from brain",1222153019,"FB - Removal of foreign body from brain",,,,,,,,,,,,,,,,,,,,,,,,,,,,,,,,
80,"Removal Of Foreign Body From Tongue",Dental,1.0,1868005,4226018,"Removal of foreign body from brain",1222153019,"FB - Removal of foreign body from brain",,,,,,,,,,,,,,,,,,,,,,,,,,,,,,,,
80,"Removal Of Foreign Body From Tongue",Dental,1.0,8813000,15547013,"Removal of intraocular foreign body from anterior segment of eye with use of magnet",,,,,,,,,,,,,,,,,,,,,,,,,,,,,,,,,,
80,"Removal Of Foreign Body From Tongue",Dental,1.0,264969004,393487010,"Laparotomy and removal of foreign body from abdominal cavity",,,,,,,,,,,,,,,,,,,,,,,,,,,,,,,,,,
80,"Removal Of Foreign Body From Tongue",Dental,1.0,176740000,273633018,"Colposcopic removal of foreign body from vagina",,,,,,,,,,,,,,,,,,,,,,,,,,,,,,,,,,
80,"Removal Of Foreign Body From Tongue",Dental,1.0,84691002,140407014,"Removal of foreign body from maxillary sinus by Caldwell-Luc approach",,,,,,,,,,,,,,,,,,,,,,,,,,,,,,,,,,
80,"Removal Of Foreign Body From Tongue",Dental,1.0,23331009,39160012,"Removal of foreign body from skin with incision",,,,,,,,,,,,,,,,,,,,,,,,,,,,,,,,,,
80,"Removal Of Foreign Body From Tongue",Dental,1.0,609108006,2958387015,"Removal of intraluminal foreign body from rectum without incision",,,,,,,,,,,,,,,,,,,,,,,,,,,,,,,,,,
80,"Removal Of Foreign Body From Tongue",Dental,1.0,46104004,76859014,"Removal of foreign body from abdominal wall",1230300019,"Removal foreign body from abdominal wall",1230301015,"FB - Removal of foreign body from abdominal wall",,,,,,,,,,,,,,,,,,,,,,,,,,,,,,
80,"Removal Of Foreign Body From Tongue",Dental,1.0,46104004,76859014,"Removal of foreign body from abdominal wall",1230300019,"Removal foreign body from abdominal wall",1230301015,"FB - Removal of foreign body from abdominal wall",,,,,,,,,,,,,,,,,,,,,,,,,,,,,,
80,"Removal Of Foreign Body From Tongue",Dental,1.0,46104004,76859014,"Removal of foreign body from abdominal wall",1230300019,"Removal foreign body from abdominal wall",1230301015,"FB - Removal of foreign body from abdominal wall",,,,,,,,,,,,,,,,,,,,,,,,,,,,,,
80,"Removal Of Foreign Body From Tongue",Dental,1.0,112849008,184149015,"Removal of foreign body from mouth by incision",188679017,"Removal of foreign body from oral cavity by incision",,,,,,,,,,,,,,,,,,,,,,,,,,,,,,,,
80,"Removal Of Foreign Body From Tongue",Dental,1.0,112849008,184149015,"Removal of foreign body from mouth by incision",188679017,"Removal of foreign body from oral cavity by incision",,,,,,,,,,,,,,,,,,,,,,,,,,,,,,,,
80,"Removal Of Foreign Body From Tongue",Dental,1.0,172498005,267057015,"Removal of foreign body from iris",,,,,,,,,,,,,,,,,,,,,,,,,,,,,,,,,,
80,"Removal Of Foreign Body From Tongue",Dental,1.0,48756007,81246015,"Removal of foreign body from gum",1230643016,"Removal of foreign body from gingivae or periodontal ligament",2536379017,"Removal of embedded foreign body from dentoalveolar soft tissues",1230645011,"Removal of foreign body from gingivae",1230644010,"FB - Removal of foreign body from gingiva or periodontal ligament",,,,,,,,,,,,,,,,,,,,,,,,,,
80,"Removal Of Foreign Body From Tongue",Dental,1.0,48756007,81246015,"Removal of foreign body from gum",1230643016,"Removal of foreign body from gingivae or periodontal ligament",2536379017,"Removal of embedded foreign body from dentoalveolar soft tissues",1230645011,"Removal of foreign body from gingivae",1230644010,"FB - Removal of foreign body from gingiva or periodontal ligament",,,,,,,,,,,,,,,,,,,,,,,,,,
80,"Removal Of Foreign Body From Tongue",Dental,1.0,48756007,81246015,"Removal of foreign body from gum",1230643016,"Removal of foreign body from gingivae or periodontal ligament",2536379017,"Removal of embedded foreign body from dentoalveolar soft tissues",1230645011,"Removal of foreign body from gingivae",1230644010,"FB - Removal of foreign body from gingiva or periodontal ligament",,,,,,,,,,,,,,,,,,,,,,,,,,
80,"Removal Of Foreign Body From Tongue",Dental,1.0,302418000,444090016,"Removal of inorganic foreign body from skin",,,,,,,,,,,,,,,,,,,,,,,,,,,,,,,,,,
80,"Removal Of Foreign Body From Tongue",Dental,1.0,445773009,2881813019,"Removal of foreign body from skin and/or subcutaneous tissue by incision",,,,,,,,,,,,,,,,,,,,,,,,,,,,,,,,,,
80,"Removal Of Foreign Body From Tongue",Dental,1.0,20632008,34721016,"Removal of foreign body from pharynx",1222463017,"FB - Removal of foreign body from pharynx",,,,,,,,,,,,,,,,,,,,,,,,,,,,,,,,
80,"Removal Of Foreign Body From Tongue",Dental,1.0,20632008,34721016,"Removal of foreign body from pharynx",1222463017,"FB - Removal of foreign body from pharynx",,,,,,,,,,,,,,,,,,,,,,,,,,,,,,,,
80,"Removal Of Foreign Body From Tongue",Dental,1.0,609117006,2959036017,"Removal of foreign body from head without incision",,,,,,,,,,,,,,,,,,,,,,,,,,,,,,,,,,
80,"Removal Of Foreign Body From Tongue",Dental,1.0,34416004,57449014,"Removal of subcutaneous foreign body from foot",,,,,,,,,,,,,,,,,,,,,,,,,,,,,,,,,,
80,"Removal Of Foreign Body From Tongue",Dental,1.0,239269002,358581019,"Removal of foreign body from tendon sheath",,,,,,,,,,,,,,,,,,,,,,,,,,,,,,,,,,
80,"Removal Of Foreign Body From Tongue",Dental,1.0,225184003,338402019,"Removal of embedded foreign body from conjunctiva",,,,,,,,,,,,,,,,,,,,,,,,,,,,,,,,,,
80,"Removal Of Foreign Body From Tongue",Dental,1.0,86439006,143339019,"Removal of foreign body from neck",,,,,,,,,,,,,,,,,,,,,,,,,,,,,,,,,,
80,"Removal Of Foreign Body From Tongue",Dental,1.0,53570002,89069010,"Removal of foreign body from eye",496702012,"Removal of foreign body from globe",496701017,"Removal of intraocular foreign body",,,,,,,,,,,,,,,,,,,,,,,,,,,,,,
80,"Removal Of Foreign Body From Tongue",Dental,1.0,53570002,89069010,"Removal of foreign body from eye",496702012,"Removal of foreign body from globe",496701017,"Removal of intraocular foreign body",,,,,,,,,,,,,,,,,,,,,,,,,,,,,,
80,"Removal Of Foreign Body From Tongue",Dental,1.0,176738005,273628017,"Removal of foreign body from vagina",,,,,,,,,,,,,,,,,,,,,,,,,,,,,,,,,,
80,"Removal Of Foreign Body From Tongue",Dental,1.0,50737005,84561017,"Magnet extraction of foreign body from vitreous",84562012,"Removal of foreign body from vitreous with use of magnet",,,,,,,,,,,,,,,,,,,,,,,,,,,,,,,,
80,"Removal Of Foreign Body From Tongue",Dental,1.0,277995008,414753019,"Percutaneous removal of foreign body from arterial graft",,,,,,,,,,,,,,,,,,,,,,,,,,,,,,,,,,
80,"Removal Of Foreign Body From Tongue",Dental,1.0,223217009,336013015,"Removal of embedded foreign body from conjunctiva by incision",,,,,,,,,,,,,,,,,,,,,,,,,,,,,,,,,,
80,"Removal Of Foreign Body From Tongue",Dental,1.0,230931007,345974014,"Removal of foreign body from intracranial vein",,,,,,,,,,,,,,,,,,,,,,,,,,,,,,,,,,
80,"Removal Of Foreign Body From Tongue",Dental,1.0,363726008,485466015,"Removal of foreign body of cornea by incision",1228644016,"Surgical removal of foreign body from cornea",,,,,,,,,,,,,,,,,,,,,,,,,,,,,,,,
80,"Removal Of Foreign Body From Tongue",Dental,1.0,284050001,422645019,"Removal of foreign body from labia by incision",,,,,,,,,,,,,,,,,,,,,,,,,,,,,,,,,,
80,"Removal Of Foreign Body From Tongue",Dental,1.0,82043001,136087012,"Removal of foreign body from axilla",,,,,,,,,,,,,,,,,,,,,,,,,,,,,,,,,,
80,"Removal Of Foreign Body From Tongue",Dental,1.0,90997007,2160695015,"Removal of foreign body from posterior segment of eye without use of magnet",,,,,,,,,,,,,,,,,,,,,,,,,,,,,,,,,,
80,"Removal Of Foreign Body From Tongue",Dental,1.0,112914002,184439012,"Removal of foreign body from vagina by incision",,,,,,,,,,,,,,,,,,,,,,,,,,,,,,,,,,
80,"Removal Of Foreign Body From Tongue",Dental,1.0,277994007,414752012,"Percutaneous removal of foreign body from coronary artery",,,,,,,,,,,,,,,,,,,,,,,,,,,,,,,,,,
80,"Removal Of Foreign Body From Tongue",Dental,1.0,222772002,335439017,"Removal of foreign body from bone, except fixation device",,,,,,,,,,,,,,,,,,,,,,,,,,,,,,,,,,
80,"Removal Of Foreign Body From Tongue",Dental,1.0,7686002,13703018,"Endoscopic removal of foreign body from larynx",,,,,,,,,,,,,,,,,,,,,,,,,,,,,,,,,,
80,"Removal Of Foreign Body From Tongue",Dental,1.0,172828005,267572014,"Removal of foreign body from nose",,,,,,,,,,,,,,,,,,,,,,,,,,,,,,,,,,
80,"Removal Of Foreign Body From Tongue",Dental,1.0,405710002,2157491017,"Removal of foreign body without incision from upper limb, except hand",,,,,,,,,,,,,,,,,,,,,,,,,,,,,,,,,,
80,"Removal Of Foreign Body From Tongue",Dental,1.0,174296005,270034012,"Manual removal of foreign body from rectum",,,,,,,,,,,,,,,,,,,,,,,,,,,,,,,,,,
80,"Removal Of Foreign Body From Tongue",Dental,1.0,277998005,414756010,"Percutaneous removal of foreign body from intracranial vein",,,,,,,,,,,,,,,,,,,,,,,,,,,,,,,,,,
80,"Removal Of Foreign Body From Tongue",Dental,1.0,54362002,90352011,"Removal of intraocular foreign body from anterior segment of eye",,,,,,,,,,,,,,,,,,,,,,,,,,,,,,,,,,
80,"Removal Of Foreign Body From Tongue",Dental,1.0,609248009,2958812011,"Removal of intraluminal foreign body from bronchus without incision",,,,,,,,,,,,,,,,,,,,,,,,,,,,,,,,,,
80,"Removal Of Foreign Body From Tongue",Dental,1.0,173082002,267948012,"Endoscopic removal of foreign body from trachea using rigid bronchoscope",,,,,,,,,,,,,,,,,,,,,,,,,,,,,,,,,,
80,"Removal Of Foreign Body From Tongue",Dental,1.0,173665000,268964019,"Rigid oesophagoscopy and removal of foreign body",268965018,"Endoscopic removal of foreign body from esophagus using rigid esophagoscope",268966017,"Endoscopic removal of foreign body from oesophagus using rigid oesophagoscope",268967014,"Rigid esophagoscopy and removal of foreign body",,,,,,,,,,,,,,,,,,,,,,,,,,,,
80,"Removal Of Foreign Body From Tongue",Dental,1.0,173665000,268964019,"Rigid oesophagoscopy and removal of foreign body",268965018,"Endoscopic removal of foreign body from esophagus using rigid esophagoscope",268966017,"Endoscopic removal of foreign body from oesophagus using rigid oesophagoscope",268967014,"Rigid esophagoscopy and removal of foreign body",,,,,,,,,,,,,,,,,,,,,,,,,,,,
80,"Removal Of Foreign Body From Tongue",Dental,1.0,230930008,345971018,"Removal of foreign body from intracranial artery",,,,,,,,,,,,,,,,,,,,,,,,,,,,,,,,,,
80,"Removal Of Foreign Body From Tongue",Dental,1.0,48933009,81531014,"Removal of foreign body from posterior segment of eye",,,,,,,,,,,,,,,,,,,,,,,,,,,,,,,,,,
80,"Removal Of Foreign Body From Tongue",Dental,1.0,37658001,62817010,"Removal of subcutaneous foreign body from shoulder",,,,,,,,,,,,,,,,,,,,,,,,,,,,,,,,,,
100,"Removal Of Foreign Body From Tongue",Dental,1.0,173365006,268400018,"Removal of foreign body from tongue",,,,,,,,,,,,,,,,,,,,,,,,,,,,,,,,,,
80,"Removal Of Foreign Body From Tongue",Dental,1.0,386752002,1480884019,"Transurethral removal of foreign body from bladder",,,,,,,,,,,,,,,,,,,,,,,,,,,,,,,,,,
80,"Removal Of Foreign Body From Tongue",Dental,1.0,91571003,151695017,"Endoscopic removal of intraluminal foreign body from trachea",,,,,,,,,,,,,,,,,,,,,,,,,,,,,,,,,,
80,"Removal Of Foreign Body From Tongue",Dental,1.0,174216006,269887018,"Endoscopic removal of foreign body from sigmoid colon using rigid sigmoidoscope",,,,,,,,,,,,,,,,,,,,,,,,,,,,,,,,,,
80,"Removal Of Foreign Body From Tongue",Dental,1.0,405705001,2157486018,"Removal of foreign body from forefoot",,,,,,,,,,,,,,,,,,,,,,,,,,,,,,,,,,
80,"Removal Of Foreign Body From Tongue",Dental,1.0,172548007,267122015,"Surgical removal of foreign body from lens",,,,,,,,,,,,,,,,,,,,,,,,,,,,,,,,,,
80,"Removal Of Foreign Body From Tongue",Dental,1.0,711503003,3078736014,"Removal of foreign body from upper limb using imaging guidance",,,,,,,,,,,,,,,,,,,,,,,,,,,,,,,,,,
80,"Removal Of Foreign Body From Tongue",Dental,1.0,81093004,134530014,"Removal of intraluminal foreign body from oral cavity",134531013,"Removal of intraluminal foreign body from mouth without incision",,,,,,,,,,,,,,,,,,,,,,,,,,,,,,,,
80,"Removal Of Foreign Body From Tongue",Dental,1.0,81093004,134530014,"Removal of intraluminal foreign body from oral cavity",134531013,"Removal of intraluminal foreign body from mouth without incision",,,,,,,,,,,,,,,,,,,,,,,,,,,,,,,,
80,"Removal Of Foreign Body From Tongue",Dental,1.0,54891009,91247010,"Removal of foreign body from cerebral meninges",,,,,,,,,,,,,,,,,,,,,,,,,,,,,,,,,,
80,"Removal Of Foreign Body From Tongue",Dental,1.0,174521005,270375013,"Removal of foreign body from gallbladder",,,,,,,,,,,,,,,,,,,,,,,,,,,,,,,,,,
80,"Removal Of Foreign Body From Tongue",Dental,1.0,112883001,184254016,"Removal of foreign body from liver",1219803010,"FB - Removal of foreign body from liver",,,,,,,,,,,,,,,,,,,,,,,,,,,,,,,,
80,"Removal Of Foreign Body From Tongue",Dental,1.0,112883001,184254016,"Removal of foreign body from liver",1219803010,"FB - Removal of foreign body from liver",,,,,,,,,,,,,,,,,,,,,,,,,,,,,,,,
80,"Removal Of Foreign Body From Tongue",Dental,1.0,33651006,56173015,"Removal of foreign body from cranial nerve",,,,,,,,,,,,,,,,,,,,,,,,,,,,,,,,,,
80,"Removal Of Foreign Body From Tongue",Dental,1.0,58205009,3038596019,"Removal of intraluminal foreign body from bronchus by bronchoscopy",96731010,"Removal of intraluminal foreign body bronchus",,,,,,,,,,,,,,,,,,,,,,,,,,,,,,,,
80,"Removal Of Foreign Body From Tongue",Dental,1.0,43824008,73079012,"Removal of embedded foreign body from dentoalveolar bone",,,,,,,,,,,,,,,,,,,,,,,,,,,,,,,,,,
80,"Removal Of Foreign Body From Tongue",Dental,1.0,58689006,97529013,"Magnet extraction of foreign body from lens",97530015,"Removal of foreign body from lens with use of magnet",97531016,"Magnet extraction of foreign body from lens without extraction of lens",,,,,,,,,,,,,,,,,,,,,,,,,,,,,,
80,"Removal Of Foreign Body From Tongue",Dental,1.0,301038009,442268011,"Arthroscopic removal of foreign body from joint",,,,,,,,,,,,,,,,,,,,,,,,,,,,,,,,,,
80,"Removal Of Foreign Body From Tongue",Dental,1.0,235262002,352641010,"Removal of foreign body from duodenum",,,,,,,,,,,,,,,,,,,,,,,,,,,,,,,,,,
80,"Removal Of Foreign Body From Tongue",Dental,1.0,173438003,268506014,"Removal of foreign body from tonsil",,,,,,,,,,,,,,,,,,,,,,,,,,,,,,,,,,
80,"Removal Of Foreign Body From Tongue",Dental,1.0,277997000,414755014,"Percutaneous removal of foreign body from pulmonary artery",,,,,,,,,,,,,,,,,,,,,,,,,,,,,,,,,,
80,"Removal Of Foreign Body From Tongue",Dental,1.0,5966002,10924017,"Removal of foreign body from elbow area, deep",,,,,,,,,,,,,,,,,,,,,,,,,,,,,,,,,,
80,"Removal Of Foreign Body From Tongue",Dental,1.0,609109003,2958379016,"Removal of intraluminal foreign body from anus without incision",,,,,,,,,,,,,,,,,,,,,,,,,,,,,,,,,,
80,"Removal Of Foreign Body From Tongue",Dental,1.0,78362007,130047012,"Removal of foreign body from conjunctiva",,,,,,,,,,,,,,,,,,,,,,,,,,,,,,,,,,
80,"Removal Of Foreign Body From Tongue",Dental,1.0,438303006,2794491011,"Removal of foreign body from soft tissue of ear",,,,,,,,,,,,,,,,,,,,,,,,,,,,,,,,,,
80,"Removal Of Foreign Body From Tongue",Dental,1.0,20647004,34746016,"Removal of foreign body from vitreous without use of magnet",,,,,,,,,,,,,,,,,,,,,,,,,,,,,,,,,,
100,"Excision Of Lesion Of Palate",Dental,1.0,282370004,420667013,"Excision biopsy of lesion of palate",,,,,,,,,,,,,,,,,,,,,,,,,,,,,,,,,,
100,"Excision Of Lesion Of Palate",Dental,1.0,30120002,50402012,"Excision of lesion of soft palate",,,,,,,,,,,,,,,,,,,,,,,,,,,,,,,,,,
100,"Excision Of Lesion Of Palate",Dental,1.0,79350002,131639019,"Excision of lesion of palate with local flap closure",,,,,,,,,,,,,,,,,,,,,,,,,,,,,,,,,,
100,"Excision Of Lesion Of Palate",Dental,1.0,23391006,39266010,"Resection of lesion of palate, extensive",39267018,"Excision of lesion of palate by wide excision",,,,,,,,,,,,,,,,,,,,,,,,,,,,,,,,
100,"Excision Of Lesion Of Palate",Dental,1.0,173380000,268419011,"Excision of lesion of palate",,,,,,,,,,,,,,,,,,,,,,,,,,,,,,,,,,
100,"Destruction Of Lesion Of Palate",Dental,1.0,26108009,483118017,"Thermocauterisation for destruction of lesion of palate",43751015,"Thermocauterization for destruction of lesion of palate",,,,,,,,,,,,,,,,,,,,,,,,,,,,,,,,
100,"Destruction Of Lesion Of Palate",Dental,1.0,26108009,483118017,"Thermocauterisation for destruction of lesion of palate",43751015,"Thermocauterization for destruction of lesion of palate",,,,,,,,,,,,,,,,,,,,,,,,,,,,,,,,
100,"Destruction Of Lesion Of Palate",Dental,1.0,50412001,83987017,"Wide destruction of lesion of bony palate",,,,,,,,,,,,,,,,,,,,,,,,,,,,,,,,,,
100,"Destruction Of Lesion Of Palate",Dental,1.0,72686006,502197014,"Chemocauterisation of palate",502198016,"Chemical cauterisation for destruction of lesion of palate",120742019,"Chemical cauterization for destruction of lesion of palate",120741014,"Chemocauterization of palate",,,,,,,,,,,,,,,,,,,,,,,,,,,,
100,"Destruction Of Lesion Of Palate",Dental,1.0,72686006,502197014,"Chemocauterisation of palate",502198016,"Chemical cauterisation for destruction of lesion of palate",120742019,"Chemical cauterization for destruction of lesion of palate",120741014,"Chemocauterization of palate",,,,,,,,,,,,,,,,,,,,,,,,,,,,
100,"Destruction Of Lesion Of Palate",Dental,1.0,173382008,268421018,"Cryotherapy to lesion of palate",268422013,"Cryosurgery for destruction of lesion of palate",,,,,,,,,,,,,,,,,,,,,,,,,,,,,,,,
100,"Destruction Of Lesion Of Palate",Dental,1.0,173381001,268420017,"Destruction of lesion of palate",,,,,,,,,,,,,,,,,,,,,,,,,,,,,,,,,,
100,"Destruction Of Lesion Of Palate",Dental,1.0,6119006,11163019,"Local destruction of lesion of bony palate",,,,,,,,,,,,,,,,,,,,,,,,,,,,,,,,,,
100,"Biopsy of Lesion of Palate ",Dental,1.0,282370004,420667013,"Excision biopsy of lesion of palate",,,,,,,,,,,,,,,,,,,,,,,,,,,,,,,,,,
100,"Biopsy of Lesion of Palate ",Dental,1.0,282369000,420666016,"Incisional biopsy of lesion of palate",,,,,,,,,,,,,,,,,,,,,,,,,,,,,,,,,,
100,"Biopsy of Lesion of Palate ",Dental,1.0,173411005,268469015,"Biopsy of lesion of palate",,,,,,,,,,,,,,,,,,,,,,,,,,,,,,,,,,
75,"Excision of Lesion Floor of Mouth",Dental,1.0,85357001,141489016,"Excision of lesion of mouth",,,,,,,,,,,,,,,,,,,,,,,,,,,,,,,,,,
75,"Excision of Lesion Floor of Mouth",Dental,1.0,28618007,47904010,"Radical excision of floor of mouth",,,,,,,,,,,,,,,,,,,,,,,,,,,,,,,,,,
75,"Excision of Lesion Floor of Mouth",Dental,1.0,173448001,268519013,"Cauterisation of lesion of floor of mouth",268518017,"Cauterization of lesion of floor of mouth",,,,,,,,,,,,,,,,,,,,,,,,,,,,,,,,
75,"Excision of Lesion Floor of Mouth",Dental,1.0,173448001,268519013,"Cauterisation of lesion of floor of mouth",268518017,"Cauterization of lesion of floor of mouth",,,,,,,,,,,,,,,,,,,,,,,,,,,,,,,,
75,"Excision of Lesion Floor of Mouth",Dental,1.0,33988007,56747015,"Excision of lesion of vestibule of mouth with simple repair",,,,,,,,,,,,,,,,,,,,,,,,,,,,,,,,,,
75,"Excision of Lesion Floor of Mouth",Dental,1.0,284063007,422661017,"Biopsy of lesion of floor of mouth",,,,,,,,,,,,,,,,,,,,,,,,,,,,,,,,,,
75,"Excision of Lesion Floor of Mouth",Dental,1.0,173447006,268517010,"Cryotherapy of lesion of floor of mouth",,,,,,,,,,,,,,,,,,,,,,,,,,,,,,,,,,
75,"Excision of Lesion Floor of Mouth",Dental,1.0,173445003,268515019,"Destruction of lesion of floor of mouth",,,,,,,,,,,,,,,,,,,,,,,,,,,,,,,,,,
75,"Excision of Lesion Floor of Mouth",Dental,1.0,109830000,174508019,"Overlapping malignant neoplasm of floor of mouth",3036141010,"Cancer of the floor of mouth, overlapping sites",1219533011,"Malignant neoplasm, overlapping lesion of floor of mouth",,,,,,,,,,,,,,,,,,,,,,,,,,,,,,
75,"Excision of Lesion Floor of Mouth",Dental,1.0,234899002,352041011,"Incisional biopsy of lesion of floor of mouth",,,,,,,,,,,,,,,,,,,,,,,,,,,,,,,,,,
75,"Excision of Lesion Floor of Mouth",Dental,1.0,234898005,352039010,"Removal of lesion of floor of mouth",352040012,"Extirpation of lesion of floor of mouth",,,,,,,,,,,,,,,,,,,,,,,,,,,,,,,,
75,"Excision of Lesion Floor of Mouth",Dental,1.0,234898005,352039010,"Removal of lesion of floor of mouth",352040012,"Extirpation of lesion of floor of mouth",,,,,,,,,,,,,,,,,,,,,,,,,,,,,,,,
100,"Excision of Lesion Floor of Mouth",Dental,1.0,54029002,89804019,"Excision of lesion from floor of mouth",1231280014,"Excision of lesion of floor of mouth",,,,,,,,,,,,,,,,,,,,,,,,,,,,,,,,
100,"Excision of Lesion Floor of Mouth",Dental,1.0,54029002,89804019,"Excision of lesion from floor of mouth",1231280014,"Excision of lesion of floor of mouth",,,,,,,,,,,,,,,,,,,,,,,,,,,,,,,,
100,"Excision of Lesion of Mouth ",Dental,1.0,85357001,141489016,"Excision of lesion of mouth",,,,,,,,,,,,,,,,,,,,,,,,,,,,,,,,,,
100,"Excision of Lesion of Mouth ",Dental,1.0,33988007,56747015,"Excision of lesion of vestibule of mouth with simple repair",,,,,,,,,,,,,,,,,,,,,,,,,,,,,,,,,,
100,"Excision of Lesion of Mouth ",Dental,1.0,54029002,89804019,"Excision of lesion from floor of mouth",1231280014,"Excision of lesion of floor of mouth",,,,,,,,,,,,,,,,,,,,,,,,,,,,,,,,
100,"Excision of Lesion of Mouth ",Dental,1.0,54029002,89804019,"Excision of lesion from floor of mouth",1231280014,"Excision of lesion of floor of mouth",,,,,,,,,,,,,,,,,,,,,,,,,,,,,,,,
100,"Removal of suture of gingiva",Dental,1.0,234923005,352074011,"Removal of suture of gingiva",,,,,,,,,,,,,,,,,,,,,,,,,,,,,,,,,,
100,"Biopsy of Lesion of Mouth ",Dental,1.0,284063007,422661017,"Biopsy of lesion of floor of mouth",,,,,,,,,,,,,,,,,,,,,,,,,,,,,,,,,,
100,"Biopsy of Lesion of Mouth ",Dental,1.0,234899002,352041011,"Incisional biopsy of lesion of floor of mouth",,,,,,,,,,,,,,,,,,,,,,,,,,,,,,,,,,
100,"Splinting of teeth",Dental,1.0,173328009,268345015,"Splinting of teeth",268344016,"Immobilisation of teeth",268347011,"Immobilization of teeth",268346019,"Fixation of teeth",,,,,,,,,,,,,,,,,,,,,,,,,,,,
100,"Splinting of teeth",Dental,1.0,306910000,450048011,"Acid etch splinting of teeth",,,,,,,,,,,,,,,,,,,,,,,,,,,,,,,,,,
